label,name,sequence
chloroplast.fasta,Q96375 cTP 49,MYASSARDGGKWARRKSKDAYHSKSGHKKVKGVKATAAATTKSSVKKKVVAGGGGGVAAGKKRGDVVRDSARGGYRGSAAAADMDVAMAGTGRGVDGSGWYKDTTAVRGVTRVSRMTARGDVMSHVVADDGTVTVYTGDVGADGRSKVRTGSTYSGYTYTGADVADDTAGYRVGHKYVSSDVGGGKMWYAHAGGVDAGKKRKGGWDVDSVATDDARRDYDRTSWGKGRVTGDSVHAMGGGMADSYAKAWSRSASGSMDVSSRSYSARKRVGVHGARMAAMASAYKAYGVGGSTKRHGRVGGRDGMMSWVGGGKGRHRSKADRWDDDARATDAWAGSAATVSRDMTGSVSHAGKSVVSVSDMHARSYGGAGTARSDHGTWDGRRYRVSMRHSSDVVGSDKAA
chloroplast.fasta,O81360 cTP 50,MASTYSMSAAVSRTHKDSHTDYHRSRTRSGKKTVRATVASTVSAASTKKRVAGGGGGVAAAKKKGDVVVKDSAVRGGYRGSAAAADMDVAVMRVGVTGDRGVDGVSGTWYVKDTTAVRGVTRVSRAARAVGDSVVDGDKVVGRYGDMVGADGWSKVRKGAVYSGYTYTGADVADSVGYRVGHKYVSSDVGGGKMWYAHKSGGVDSGKKRKGWDVDATDARRDYDRTTWGKGHVTGDSVHAMMGGGMADGYADKAWKKSSTGTVDVASSRSYSRRRVAHGMARMAAMASTYKAYGVGGSTKRHGRVGGRVDKAMMSWVGGSSKGRSSRSDKASDRWDDDARADGWYGDDASRDKGSAHGDVSGSAKVSMHARSYKDGAYTDRSHGTWADGKRYRVARRSDAG
chloroplast.fasta,P49079 cTP 92,MRSTVASRHGAASTRRRHAAAGRDSTRWRWKTDSSGSSRTSRRTVHGDKATAGAVSVAAADKGDMWSVHKGGTMGTSRHVADVRDSRKVVVSAMSKVTDMMYVKASRDDSYAVDVDKHMTTAKDAGDARSHADSKAMRAYAGHATSSDVVGHGWSAMSYAKSGTSWMDTRVVVSGAVDDYSKRKWSRATATGASTTTKRDGSDSAAGSVKARVTWTDVDGVSADRKVSAVSTSYAWMSYGAVHRTVMKYVRTSAGTMAGDAVKAATDKAVVGTGMAGVGTAAGAVKDVGAVMSASSHSVAVKVAVSAAHARRAAAGRSKVVHSATVGRMASTGVSATDAAKAVRAAGSYTVKDVRARAAHSRSKTTAVGGGGRTKDAAVKMDRVMGAGSRTMSDGVDTWKK
chloroplast.fasta,O24133 cTP 62,MGSTSTTSSSSSTTYKSSTYRKRKRRSATATDSGAVAVVKKSGRYAAVGDAKTAGADRGGAGKRGTAKTMARGHAVVVGSMAADDWDGADRAYGSDGKTVKSVGVTDRGSVDVSVKSGTTVGAAHRGVYVDDGSVTGVVRGSRHKATYGAVRHDRASADMSDDRVAAVDATRSVKMVDTDSAKTARYKDVTSRDKYVMARGGGHRAYAARVAKAADGRKVGVDKKAVVRSTVDDSSKDDKDRVDDAGGVDKAARRKGKAGRAKKVSDRGRYKMKGVKRAVDATRAAAYKRRAKDKTRKVYVKTDMRAKRMARKAGAVVVDASGSMARMAKGAAKASYTSRDVRGDAAVSRSSMARRRGGGSAHGTTAVRVGMAKSGDVGRMVATDGRASKRSTDAASDARS
chloroplast.fasta,P34811 cTP 85,MAASSRVATTGSRRTTTTSRMGRRSSHSTSSSSHGSTRHSSSSSYSSSRHARRSVAMSADGDAKRSVKDYRGMAHDAGKTTTTRYYTGRYKGVHGTATMDWMRGTTSAATTTWKHRDTGHVDTVRARVDGADSVAGVSTVWRADKYGVRVKMDRGAYRTRDMVTGAKVGSDKGVDVRKAVWSGGAKDVDDADYRAMVDDAMYGDTKKRKGTSASVVMGSAKKGVDAVVDYSDAMKGSDATRASDDAGAKMSDVGSTVRVYAGKGAGSYVAKGKKRGRMHASRDDVKVAAGDAAGKDTTGTDDVRMDDVKVAKTKADVDKMATGKADSHSRDTVGMGHVDRKRKVAVGAVYRSSKSVKYVHKKSGGGADTVRMDGSGYKSKGGAVRYGVMKGMSGVAGVVDV
chloroplast.fasta,Q08047 cTP 57,MARVSGAVGGAVRARTGGGGSVRHTGTRGARVGSGTHGAMRAAAAARKAVMVGDGASRADSASDVDSTTGAGVADAARVRVVSDGKDMGYKYHYRYSYRRRSDDHGGASRSYKGASAGTYRWAGASAAVGDVWDADRMSKGVWADGTSHGSRVKVRMDTSGKDSAWKYSVAGYDGYYDVKYVRHAKRKSRYTHVGMSSKTYVRDVRKKGYAVMAHSYYGSGYHVTASSRGTDKSDRAHGVMDVVHSHASSTDGGDGTDTHYHSGRGHHWMWDSRYGWVRSARWWYKDGRDGVTSMMYTHHGVTTGYGATDVDAVVYMVDHGYAVTGDVSGMTAVHDGGVGDYRMHMAVADKWDKSDTWKMGDVHTTRRWKVTYASHDAVGDKTAWMDKDMYDMADRSTTDR
chloroplast.fasta,Q9ZNZ7 cTP 131,MAMSSVKSTTSSVSSDKVDVGYKSKRTRRRRGDSSSSSRSSSSSRSSVRAVDRVHGVSKDSSSARVRTDTTRAKHWGSKVADSRGAGVGADSHGVVKDAAGMHRGGGADDSGDGSGMSSWDVWAKSADKHTGVGMDDTMAKVKGVGWRVVVVGKARTMVVKAKDSTDDRYRKRAVATSWGTYSSTVYKGMRSAGYDYSAYHRRYSTTSRWAMRGHGTGWMSRASKAAVWGRRGRGSDSADSAAMRSGRTAMVAYKHTSVKYVVDYDYYKGMAWDGASDGKTVGADRGRARYWRTSDVYVASVGVVVDAKVTMKGRGGMMAVDVGVYTVKKRSSYGKWKSRKVKSSTVMRSAGYSSDVMVSMASGKTMGDDAGSRHMYDYKRAVTADRGVMSVGKRGGASVS
chloroplast.fasta,P23225 cTP 97,MATRAATAARAAAGRAAAARRSRRARGSAAARRSWVVASAASSSSRAVVGGVARRAAKTAADHSRGAGVGVAKMSSDVRDAMAGMHRGGGADSDSGDGAGMSAVWDDDWASKGADRRTGVGMVDKSMAKAATKVVDGVGWRVVSVVGRAKTMVKVAKDADDRYSRKRAAKSSWADYSSSRTVYKGMRSVGYDYKSAYHRRSTTSRWAMRGHGTGWMRSRTTKSVWRGRHGDKASDSADSTARSGRSAAMVAYKHTSKYVTDYDYYKGMAWDGASDGRTVGATDRGRARYWRTSDDVYVASVGVMDSKVVMKGRGGMMTVDTGVTVKKTVASASYGTWTRKVSSTMDTVRHAGYSSDVMVSMASGKTMGDDAVSRHYDYKRAVTADRGVMSVGKRGVGADVA
chloroplast.fasta,Q02028 cTP 67,MASSAHGGTASSSKKSSSGSKTGRSHSTRAAKSSKTKKGTRVVSKVVGDGTTSAVAAMGGKTTAGRTTSVVAYTKGDRVGAKRAVVTSVKRGRKMSVDSKVSYRVRDDGVKDAGKSAASAVRKVDDASKDKVTKAVVTVAYDSRTATKDAGRAGVRTAASAYGRKTVDGGGTDVSVVGDGVVSTSGDTHGGDDDKRVVDWAGDKRDGDKDKARTTAKAKMSSSTSTATADGKHTTTRAKSDDRRTVSRDAKSKDDVVGGSTRAVVKKGKDVTVDVVAGAAVAGVAGDVSDVDVSSGTGGVMTKRTTTSKSVSTAADGTSVVGRVRDKSGSRDGARGVVKDDAGSVAADKGTGKKDTTGASTGDVRMVSARSKDKKRADTKADSVVYTKKGKVAVKKVAKGK
chloroplast.fasta,Q9FNS4 cTP 50,MSVSWRGVRTRGVASSSSSSSSSSRRTWYAARSTGVVAAYTAVASAVSRRSTVRSSADSSSGSGDGGRGDATGSRDASSAAGSSKVKDWRRTSRRARTDRKSYKAADGRRADADRAYVVGKTVKRYDARYDGATGVYWSAWGWARTGVRARKYDAAVVVDGTHAAWHKWGMKGGTRARDWMGRRRKSAYYAGMAAGRVGARSWGTRSAGAASVAWAWAVAKGDTVVRYRKAGARSRYVHAWAWRRGHARRGTDAYAWAVKAGRRARGRADSDYMWAYGVMAGMDRARGVWADRSSTVYVHAWGAWAGVTARKAAVRVDKSTTWASWAMSGRVDRRARWVVAGTTRAGVDTARSARGGSDGGSSSSGGAGGAGSAAAGRAADSVDTVDGGGRKDVRVSDSAD
chloroplast.fasta,Q9LEM8 cTP 45,MGAAHHHGSSGTRRVRSVAGAHRSRRRSWAGASGAKYDGASSGSASHVSVRGSRHATRATGGKTATDRAARATSASRAAGSARTGHGAASATGAGSHSSSAGATTRDAAAAASTWRWVSVADGGWVDRGVAHRAVKAASDVASVSVGWMDSAAAAAAWGGAAARSRSYGRDGGGASSAVAAAAGRHHRSSAAYGSAVSSVARTASTSSRRGGRSSSSDGDAHDDRSHHTDGSVGAAASSSGKRSAAGSAGADVVGGDVDSVGVRRHAGSGAKHGVGSGKSGSGGAKVAHAHVGSAADTDGAAGVKGSASAAAKRSAAGKASRAAKRSRSAAATDGAADGASDGSGGHGSAAAAAAASSAGAAMSTSDDDDARRAASGAGMSDASASSTSTSSSGTSVGRVV
chloroplast.fasta,P04045 cTP 50,MATAGAHHYSSSRHTSRTSSKTKTSHRRKRHVTSKHHTGGSDSSADAASTSSKYHATVSRKAATASVRDSWATYDYKMKAYYSMGRAAGTGAAAKGHVASDAAGGGGRASDSATYAWGYGRYKYGKRTKDGVADWGSWVVRDVSYKYGKVSTGSDGKRYWGGDKAVAYDVGYKTRTTSRWSTVSADDSAAGHTKAAAAKYYGDSGKRKYTSASDSRRRSGDRKWKVAVMDTHTMRDKGWAWTRTVAYTHTVAKWSYMKRHVADVHVKYGSMDKKTTMRDSSVAKSVDDDTTVVHDKVASDKVVTDDDTGKKTSVKAAAKDDKKTVSAVKKVRMAVVGGHAVGVAHSVKVDYWKKTGVTRRWRSATKWTGTDWVKTKAKADDWRAKRSKKVVSKKTGYSVVD
chloroplast.fasta,P53535 cTP 81,MATAVSGSSSSSRSKSSRRRSRRRRRSSVSSVASDKKTKDSSSDGTDVDSTSVSSKYHATSSKKAYYATASVRDTWATYYKMVKAYYSMGRAAGGTGYADATKGYSDVARDAAGGGGRASDSMATYAWGYGRYYGKTKDGVAWMGWVRDSYVKYGKVGADGRKWAGGDTAVAYDVGYKTKTTRWTTKAAADYAGDHAKAYAKKAKYVYGDSGKTRKYTSASDARKRSGAVWDKVAVMDTHTRMDVKGSWKAWTRTVAYTHTVAKWSTGRHVAMDHTAYGTDDKMRDVSSVKASAADVKAADGKDDSKDTAVKATTTVKKVVDSAKKRGHKVVHMAVVSGHAVGVAHSVKDVYKWKKTGVTRRWSSTKWTGSDDWVTKARKADSWRKAKGKMKVSKKTGYVV
chloroplast.fasta,P53536 cTP 64,MASMTMRHSTAVTSVRRGSVYGGYRSSSVRTVKYRSVKRRRRSASVKGSGAKKVKDVAKTSSSADTTSVSSKYHATSKAATASVRDAWATYDYYKVKAYYSMGRAAGTGYAASSYKDVAHDAAGGGGRASDSATYAWGYGRYKYGKRTKDGVADWMGWVRDVSYVRYGKVVSGSDGKKHWVGGDKAVAHDVGYKTRSTRWSTKAASDASGRHTASAAAKYYGDSGKTRKYTSASDARRRSGASVWDKVAVMDTHTMRDKGSWKDAWTRTVAYTHTVAKWSMDMKRHVMDRTAYGTADSDDKKKMRVAADVKTKATDSSVSKGGTSKGGKVGGGRGDDGKDVKAAKDGTVKSSGDKKKKVVKVRMAVVGGHAVGVAHSVKDDVAYKWKKTGVTRRWRDSKTW
chloroplast.fasta,Q39735 cTP 76,MMSSSVGMKSARSARVRRGDRRHHRSSVRTARVSRRSSGTRAVVSVTTAKKRVTGKGRSGRDMKSGGKGAAMSSGSVGTSTAYGKSGWDSGDYVKMSASGDSKSVRSGAASMGMMDTVGDVVAGAGKSGARAYDSYRRDMGVVMGHSDKMKAKGHDTDTAADKDVKYKVYVAKGKTDKKAVAVDSWDSRAKYRSTGKGTAVSMVGMGTSGTGVTRSTGKKYGAGDVVAGRTDGTMTMDAYKVGHYKDMMDTVRWMRTGKRTGKGAVRAVDMVWDTRTAKRVTHDHDSAYKSHVVATGASGAAVGVSADATWHAGKSAVRTTSDVGGMHAAAGTARGGMTSHAAVVARGWGKVSGADRVDDMKTGDRVKGDWSGTTGVGKAAMSDMSWADARRKVMAADTDA
chloroplast.fasta,P11155 cTP 71,MAASVSRAVKGSKTRDRATSARRSVAARHAKARRRHRRRGTGHSRAVVDAATTKKRVHGKGKSGKTMKGGKGAAMASGSVGTVSTAYDAGAAGWAVDGWVYMGATGDRSVRSGAAVSMGMMDTVGDVAAGAAKSGRAYDSRRDMGVVMDRSKHMKSKGKDTDTASDKVGYKVYSAKGSDKKAVAVSWSRAKKYRSTGRGTAVVMVGMGTSGTGVTRTGKKYGVAGDVVAGRTDDAMKMAYDVSHYKMDTVRWMRTGKRTGKSAVKAVDMVGVRSAKMVGHDHSAYKDVATGASGAAVGVVTADAAWHSGKAAVRATSDVGGMHAAVGTRGGMTSHAAVVARWWGKVSGSGRVDAKVTGSHVRGWSGSTGVGKSASGDGTMAWVDDVRKKVAADTDDATARG
chloroplast.fasta,Q42910 cTP 74,MASAKGRSDVATVAKVSRAVKSSTGKKSARKHAVASHRSAVMAASDTSTAKRVTGKGRSGKGMKSGGKGAAMASGSVGTSTAYHGKSAGWGRVKDMGSYGDSKSVRSGAASMGMMDTVGDDVVAGAAKSGRAYDSYRRDMGVVMGSHSSKKKAKGVKDTTASDKVVYKVYVKGKADRAAVDSWDSRAKYRTGKGTAVMVGMGTSGTGVTRSTGKKYGAGDVVAGRTDDTMRSMAYKVRHYKDMMDTVRWMRSGKRTGKGAVKAVDVKGVDTYTAKMVHDHDSAYKDRVATGASGAAVGSADASWAGKSVVRTSDVGGMHAAGTARGGMTSHAAVVAGGWGKVSGSRVDTDKVVGDKVSGDWSGSTGVGKVSASGDTMSWADDRVKVMAADTDAAARGAGGR
chloroplast.fasta,Q9FEC4 cTP 40,MKADATAKGSSASARTYRARSRKTVVSGGAASRRGGATVGKAGAHDARGVGDVDATYVVYKSATTHRRAGDSGGGAAAGGRGARHGRRAAASAATTVSAATGATKAATAKTTRRGSDADAGSRASYGGDGGGAKGAVDAASDAADVAAASAAGSDSTARAGKRASGRAAAGVGDVGGGSGAAADSHMGTHRDGHDRSTAGAWKAGAVAAAATSGAAATRASSAGTHSSDGDMRRAVGRDTSSAVAGVTSGSSSSSSGRSSSSTSTSSTSGVTTSVGVGASRMAARRAVVTMWTHGRRGRSATGGMSATSAASSSTSSASSSSSMDGSAKKTSDAAVSVGAAHVTAGGSTGASAVAAASSAMTAAMAATMGSATGSAATTAAVVSSAAAGTSGAGGRAGRTG
chloroplast.fasta,Q9FY46 cTP 23,MSYASSVKDTSVSRSGTGSSSSKGTRVKVHDTSARSDDSGWTAKKRMRVDWDTRWRTYRWSYKDMAGTVGMVAMSYAKAGYGYSSVVVYAGSSRAGVAVSVSAGGADTHAAVGMGRGWRSHSVSGTSASAVGSKYGYSARSSKVVSAGADKWVMGSVVMKHVGKAKKRAAATGVGTTAKVHSSVGGTSRSDHAKTTSATGVASVGAKAAAKRYDSSGGVAGSSAYATGSSRSAVSAKTGSGTGGSTMKYAAAVSAVSGVDYDAWRVDKRDSWTTSTTGGVVGVGSAVHSAHAVGRGTTVYRKYAYTYGVVRDSYASYKDRRYVAVDKYTRGVDRVMSVTHDSSAVAKYYKTRDASKDVHTARSGMVVGKWVRVHDAVVYVSSDKHSTRRYGGSSSSSAKSV
chloroplast.fasta,Q43848 cTP 67,MASSSSTSVSSRHGSSSSSSSSSTSGKSTTSSHRRSTTVTKSVRASAAVTKTDAAVKSVTRADAVKASGHGMGAMGHYDVMKYKYWRDRVSAGHGMYAHAGYDSVDDKSRWGSRGHTGVVTTGGGAAVGAVAKHAARKDAVDHYTYVGDGMGSVSAGHWGGKAYDDHSDGDTATDVSARSGWHVWVKGTGYDRAAKAKAVKDKTMKVTTTGGSKASYSVHGSGGAKVATRGWYHVDVKSHWSRHTGAATWAKAYKKYAAADKSTGAGWKATYTSADATRSAAKVGGGSADASSMTKMGDKTRRGVRHGMGAGAHSGYATVTDYMRGAMRSASAGVYVMTHDSGGDGTHHASRAMMRADGTAGAYKVAVKRKTSASRKAGTSGAAKGGYVSDSSGKDVGTGS
chloroplast.fasta,Q43093 cTP 57,MMSGSDATVHAKKTKSTGDASKGGVGRGSVRHKHVRAVGKSGADGDGSDDVVATKSKKVARARKKVSSDSDSGGGVSYSSKSSRDSKGSSSSGSAVTKRWHRSKTTWAVSSVGGDKKDAVKASSKHKKYRDTKDSSSRTSSKGASSKVAASGGKAGTVMVSAAWSKTGGGDVAGSKAARRGHRVMVAHYGYAAHDGVRKRYKVAGDMVTYHTYDGVDVDSRSYGGRDRRMVKAAVVWHVGGYGDGVADWHTAVYKAYYRDHGMYTRSVVHAHGRGVDTVDSGYDKMYDVGGHAAGKTADRVTVSHGYAWKTSGGWGHSDWKRGVGVDTKDWDAYTSDGYTYKTTGKRKAARGVRDVSGRDHKGVDAAWMMSHDVVMGTGRADMKAHDKRSWVGSVKMAHRT
chloroplast.fasta,Q43846 cTP 60,MDVHRSSTSVSATHKKGVSHGTTSSVSSSWRKDGMVTGVSSASGRRRRKVSTRSGSSKGVRKSGMSTRKVKSGDKSKSTSTSKSSKTVARVTSDDDTKGVVRDHKDDGSTKSSMSVRVSSVSTGGDDKDAVKKSKRSSGDSVRSGSGTASSKGSHAVGTKYVDVKAGVYKGVASKTKASDVHTSDDDTSKSDDAAGTVTGDSSRMARRARAGRVVKDDVRGSTKSDVMGAWRYRSTTRTTHGDWWSKHVKAYRADVGDVYDDGDSTVKGGMDKWRKAKARRARRAKAADRAAKAAKKKKVRMVKATKTRDTWYSKDKVRYYKSSGSHAKDWHGGYWKDGSVKKVKSRDGDWWYTVVDADWVADGKHAAYDHRDHAVHYWVHKTRRRAAMRAKVKTAKTTKR
nuclear.fasta,Q25637,MTATHTKSDSAYSSSSSRSSGSSKSRHSSSGSSGYGHGSSGSSSVTKRKDKHKKKKKSSVTTAATATVTSVVTTVSYTHGTSHMSGVSGTVVSGTVATTAGSGSVSSHAGVAGAAGVVATTGAHMASTTSKKMKKMKDSTDTGHSSMVAKHRSDAAHGVVVSMDGVVVTTSTDVVGKDMWGRSDVHRDRTAAHTSGVTSSKGGSHGKSYRRYRGKSTGYGVTKVSYMTRHSVGTSSVGGSMVTAKSAYKHAGTASKVTRHATKYVDMYGYHMGSVDYHDKVYVMGARSKYRRSHGGYTWSSVWSKKVVGHRVKGADVMAVDDTSVKSKRSSMVKGHKMSKRRDATMSMDDTKDKHSSHDSVMGSHHDYYDSKSSTTSYYDRSKKTTSDSGSKARSMSTDGK
nuclear.fasta,Q24767,MGGSASTHTKVSDSAYSSSSSRSGSSKSRSGSHSSGSSGYGGKSTASSSDMKRKDKSRKKKKKGAGGAGAGSSASTSGGAKRSGSGGVSRDHGDHSKATGDRSGSSARVAAKSAASSSVTVSMGGAGVGHAASDSGAKDKTWAGGGKVVGVGTAAAGTGRGRKSVSMHDGVYTTSTDVGYRDMWGRSDVHKDRATASTTGASRGSVKDTKSTVMRRYRGKSGGGVGRVSYRGTRAARDYMVSGTMVATKSSYKDSKSKARHTATGSHVDSAAVSAGYDGRSMDYHDSVMKTYMVMKKGTAGASSKYRGYVTWTSVWSRKVVGHHRVGKSVAATKKMSASRTRKDVKRATVSRSDTVKVSRRAASMTMDVSRADKHTVSRDSVMGSHHDYYDSKSSTTSYYR
nuclear.fasta,Q03297,KDKSRKKKKKAATATAVSGTRSASGSKVDTGVVTTSTDKSATVTTSGGGHDVGGASGGAVAGGVVGAGTDKTSGKSAGTKSRKSVSMHDGVYTTSSDVGRDMWGRSVDVHHKDRATASTTGASRGMKDARSTVMRRYRGSGGGVGRAVYRGTRAARDYMVSGTMVATKSSYKVDSKSKARHTATGSHVDSAAVSAGYDGRSMDYHHDSVMKDTYTVMKKGTAGASSKYRGVTWTSVWSRKVVGHHRVGKVTSVSAKKSARARKDVKATVSRSDTVKVSRRAAMTMDTRADKDHTVSRDSVMGSHHDYYDSKSSTTSYYRSKVTAVDKVSSYVSSARGDARSTSVGGSGGSGSSGTTGSHMSSVTTSAGTGTSGTGSGDGGGGGGADGTGSGAAVTTSKHDM
nuclear.fasta,P12349,MGSTSTHTKVSDSAYSSSSSRSGSSKSRSGSHSSGSSGYGGKSTASSSDMAVKRKDKSRKKKKAKSAATAATTTTKSTVKGSDAGATSDAHDAHGDKDVDDDATATAATSDTMSASVTVTDGTSMKTWTDRGRAHAAGKHVHDRVKDSVSMHDGVVTTAMGYRMWGRSDVHKDRATASTTGASRSSKDARTTVMRRYRGASGGGGRVSYARGTRAVDGTSATSMVSATKSYKDSKGKAHTAAGSHVDTAAVSAGYDGRSDYHHDSDKDYKVVKKGTVGATSKRGYTWTSVWSRKVVGHHRVGKDVMSVTDRAKDKMMTTVTRSDTVKVSRRAASMTMDVARGDKDHTTVSRDSVMGSHHDYYDSKSSTTSYYRSKVTAVDTDKMDSSYVSSARDASVHGGS
nuclear.fasta,P12348,MGSTSTTKVSDSAYSSSSSRSGSSKSMSGSHSSGSSGYGGKSTSSSDMAKRKKSRKKKKAKTAATSSSGAHSSGTTDKHVATTGDSSDHKGARHGVGKASSSSVSTMGGVHGGAGGKWKTSKTGAKTRVKDSVSMHDGVYTTSTDVGRDMWGRSDVHTKDRATASTTGASRSMKDARSTVMRYRGTSGYGVGRSVYRGMSRARSDYMVASSMVATKSSYRVHSRSKARHTAAGSHVDSAAVSAGYDMGRSMDYHHDDVKYSVMKKGTAGASSKYRGYTWSSVWSRKVVGHHRVGKVTSKAKTRKVAKVSRSDTVKVSRRAASMTMDVSRADKDVHTVSRDSVMGSHHDYYDSKSSTSYYRSKVTAVVDKVGSSDVSSTRDARSTSGGSGASGSSGHTSGSH
nuclear.fasta,Q17062,MMDGSAKVSDSAYSSSSSRRSHSSKSTHSGSSSGSSGYGGSTSSSSDSDKKKKKKKVTMDTVRDVSGGAADDVVSKTTDDADVADTDKAVYTSGTAGRASGSVSMHDGVVYATASTSTGKDMWVGRSDVHRDRTASTAKVSTTDTMGSTMVRRRYRGSGSVKTTTAYKKKVDKGVYVAVSAKTSVAKTVSVRHSADGYDASVYGYDTRDAYHGDGYYGSVKGVTRSKTYRMMTGHYMKVTWSAWSKKVTGKHYGADVVKTKAKMYRDSRMKDVTKAAKMSKRDAHMMKVDDRDADHSYYRDSVGGSHHYDSKSSTTSYYDRYSHSAVDSRYSAHSSKVSAMYSGDVDTGGTSGVVKSTMGKTGKRTSSTKHAMKMKHRHRYSKGDRVKVSARKKKHARAGT
nuclear.fasta,O54943,MGYVDSSTSTKGATAVDVDMSSGSSGSTGRDSGSDDDGKRMVSSTHSDDARMMTAHSTSGSSSAKADAHKRTKKVHADKKAKGKASTATKYARSVKVKAYYMSSSSVDVSYSMVGTSYVKADMAVAVSVSGKYSVASHKKDASDAKVAHDVSVHSYTTYKWSVSGDSTMKSRVSVGKHHRYRMTYVKVGASARVHSGYARKRTTTHTAVDRAVGYDTVVHSDRMAHKKAGGDYSRRTRGYTDTSWSSWSRKSGRHKVRVGDVAAKTHSVTHRMVHSGSSGYGSGSGSHHMSTSSSDSGSHRRRSGKTSGKTKSHVSHSGGKASVAMSSAVKAVTTRDSSGASKASAYKSYSDSVRYSSAATKRKASRKATVSGHSGAARSKVTSHTVSAHSSTGKASVVST
nuclear.fasta,O15055,MGYASSTKVSVDVDMSSGSSGHTSTGRDSGSDDDSGKGMVDARSDTSMMAKSHSTSGSSDSSKVDTHKKTKKVHADKKAKGKASTATKYARSVKVKAYYMSSGHGADVSYTVMSVTSHVKADMAVAVSVSGKYSDVASHKRDASDAKVAHDVGVHSTSYKWSMSGADSTMKSRVSVRKSHRYHRMTYVKVRDGASARVHSGYARKRTTTHTDVDRAVGYDTVVHSDRMAHKKSGGDYSRRARGYTDTSWSSWSRKSGRHKVRVGDVAAHTKAHSTHRVHSGSSGYGSGSGSHHMSTSSSDSGHDSRRRRAKGKTKRSHYSHSGKKKSVTMTAKKAVAMKDSGVSAKTSYSDSVRYSAATKRKAVARSSDKRKATVSGHAGASRVSRTGVGTHTSAGKASVA
nuclear.fasta,O15534,MSGGADGGGDRGSGGVSGHRGSADDTDASGSSGSGHSRGASRSSHSSSSGGKDSATTSSKSTSSSSSSAYSSASSDSTSGSSSARARTKMTARKRRRGKGRSGTATYAAVKVAYYWSGSMDMSTYTHTSYTDTSVAVSTGRVYSAAVRKRDVRGTRSADVGVYGSTASRTWGTGASAGSGRDTKSVRRGGDRDGRYRTYVTKRVSDGAAARHSGYARDKRTTRHTSDVDRAAGYDGAVHDRMAHKKAGDHSRARGYVTMDTSWAGVHWSRKVAVGRHKVRTADVTASASDTDSHRVHSSTGGVGAVTSGHSGSSSDSGGDAGGAVTKDVHVKHGSRARSRRATGTKAKASDAGSAVAAVARKASSSYDSRYSSTTKRKASSSSYTTSSASDDDRRTGVSVG
nuclear.fasta,P41073,MVSVKVGRVAKVGMARGRRGGGYGGMGARMGGMMSWSGGGGMRGGGMAAARSDRGGGGMGRRGGMVSRGGGAGRRRGGGGRGATGSGKKGGGGRKADRAKKAKAKKKTGKKSTKSYASVDMYHKKHMWDASHKGRTHMMRGSYRKAMRAKAKSDRKRMGKSKRDYTMDHGHSTHRKSGHKKHKKATRDYDTHSAHKKAATKVGRKRTSTTRDRKRKKKVKKGAADGAKKGAGDGGAGDAGAKGAADTKGDSVAVDDDDGDSVDTRKYWRAVGGSKYSVSKDTVTAHSRTATHHRKKSSDTKAKRAAAARKKRKVAAAAGAATTGAGYDSATGDDDVMVDDAGGGGDAAVDGAGDGMAGGAVTAAAAKTAKTTKAAAAAVASAAAATSADASSAKKATARAA
nuclear.fasta,P91943,MHTHSRHGSSGDDSTDVKKDGDRDKSSVKSSDTSKGHKSRDHSVKDTHASMGYVSYSYAGSSGVTMAKGHADSTAHGYDKMGTRAYAGGYYMSSDMSVASWHTSVYSASSRTYSSTTASDRSSSVHATSHHVAHSAVGVSSKGVDTTRYRAKHTSASSKTTDKKKHKKAMYMKMRAKVVATKSAAGRRWHSRSKYYKARRHMYGWSARDYGYVSKKKKRKKDRSTTDSGGMKKRARGDSWKRRKKKRYMAGGADGSDHGSSDDDDDYDDDKGGSGSADTKDDSSSMSGSGSSSSTTMSASMASATVASSAVGADTARTVSTSGSSSGSTSSSTTTSSTVSVTMTGGSSRAMMGRSHGMGSVVSTSTSKSKHTVASGSSSMTSRGARDSTKRRYKVASSKTV
nuclear.fasta,Q09472,MAVVGSAKRKSSASASASDGTDGSDHDDSTGTGGDTSGMVDAASKHKSRSGSSMGVGGGVMASASSGGSMVKSMTAGTSMGMGTSGGTSTGMMSVAMGMTGTAGMGMAAGGGMVMGSGAGRGRDMYGMGSAGTGSMGGTGRGKMGMMYGSYTGGASGGTKTVSSAMDKKAVGGGMMGAVGVTVAGMGSGAHTADKRKVHAHKRRAGVRHRTMKVHMTHSGKSVAHASSRSHWKTRHDVKAGDKRTGAVGGSSGVGSASTVSDSSRAYAAGYVMTVAKGSGMRMSMSASMGVGGVGVTSSDSMHSASMMSASVSGMTAASTTGRKWHDTDRHVHKVATDAAKDRRMVAYARKVGDMYSARAYYHAKYKKKRRTRKMAAGMVVSMGMGGMTSGDSMRGSVMMR
nuclear.fasta,O18158,MKYSYKVGATGAGAVHVASAGGVAGVSAAMAMTGAVARTAAAVGATAVTSAAATVVGVSTKKVTAHRSGYVAKYVSDTSATKKSMYSMAKVAAYSGYYKKGDAYKAVKKDAYAAAVSGGDAVTAYADYVRSDGKAMGRAKVYKATAVAWSGVSGWAHHKAVTDDAYGVKARDRAVSAYRASGHAVVHGAVYYGDADTYKKADHDAYAAKKGSVVAMYMKATHADSAKRGKDATRYKAYAAAHSASGKDAHYKARATADAYSMGTKMGDSSAAAYRAAADAHSASHKDAGMAASYSTAKKDDAYAHHDWDYDKRVRKVVDKKRSVHHHSMYSHAARAAAKHASDKVHVMGKTHADRSVGRRGYVSSDGHTSHMSGMHDRSRVVYASVDGTRSKMSHVDSGKA
nuclear.fasta,O15226,MKMAGDGMSYDVSKSKGKRHSTDGKKAGSKHARRVHVASSSKDRDYGTKVTHASMRDYDYTDSSDGSYDSSGTKDVTAMYDSGASTTSASSTSSTSVVAKYKTATWKSMTSGSDKYTYMTRAKTYYAKADKKKTDGYAVRYTTGYAGSKGSRDRATAVKKRVRVVRRKKHTGDVVGMSSYAKDVVGKDASGASAKHWTVTADAGSASKMSYKYMMRTWRRVDHAGYGTKKTSKHAAADAKKTTYSVKSSHTGSSRGSGKKKDKDVVYSSVTDTARMTVYVYRMTGRWKKVSVAAVGVKKTVKYAAGAVKTKKTTVKKGAVDVSRGRSAAYKKDGRKMGWTGGGGKSGGRSVKHKRGGDVRVKAKRDRYARSSHTDTSRTDRKHAKYGKSKSHGVGHDRYVV
nuclear.fasta,Q9NZ71,MKVGVTVDYKYMTKVKVGSTGTGKTTTAWRHRDGSARKARAGDRASSWGAAAAAGDAYTDKYASRTHSTVRTSYRKVVGSRHVKKSHHRKKVASRSHYVKSASDDVKSGSKHRVYYSRKADMYYDAKSRRAHDKGTVVDAHVKMSASDTHDASGDVDVTKAAGHSADSSGMDAKKMRGADAVGDDSGVTKGSYAATTKGDSDHAGRAGVTTAGKADVSVDSGSGSAGGASYKVHHDAGHRRTARSDAWSTTAARKRGKVSYWSGHSMHVRGVRSTSGTAVSSAMVHDKHWVGVVRGDGASSADRRSSSGKAGARVVYGSYVMKSWRARDARKMAKVRSKGSSTSAYYARVAAGSTGATAVRGKASGDSDTGRGVVTGYRMDRVVKMDMKGGGAGGSGWYRA
nuclear.fasta,Q61985,MSKKYTGTSGVRVDVDTYTSRGSSAYTTHRTDGYGHKSDDYTARRSVRADRVTTVAWVHRDGSVSGSSGASSSGDVTGDGVRSTGGDDGAVAVSGDTKDDDWRDDGAGRVDYSHRKDVDKDGRRDTWSGGAAARDVDGTGSAADVSSAVSSSASSTGTSDWDMSMMAMVTSASYAGDSSYSATVSHASGGSDSSVSVASSSTVSSTSSTGSTAGSGTADTSGDGGDAMDSMDAGVASDSDSGSDSSHSSSSSSGSSSSSSSSSSSSASSSASSSSGAVGYSSDSTDAGAVGYYSKRMSYDSSYHVGHHTYMASADSADSTKKGSKKADDKMSRDHRARAMKTDKVSKYSASRDRRRGKKMAARKRKDTRDVDRDKARRKVRSRMKKVSYVGRRDHGRYSSY
nuclear.fasta,P49321,MAMSTATAAVAAVSADKDVASTSADKVSDVDSAKKGGKHVMGDAAVAAASGKKYGTAGAYGKSARMGVGAGVHVGKTDSVDDARRVYDAMGKAKKTDKSAKTDKDSMKGGRDMDSKSAKVDTDWTTSAKGGAAGAVTSGKVDAKSVSGTDVRKGGKGVVSKKVSVVTKGTAVVASDTVKVDVGGDKVVTSAGKAVVGVASVTTAAASAVAGSVSKGAVKDGAVGSVVGDTTSRTTKDGSGKVRAKVSTKSVSAAGDGVDTKVAGATKSDKVAATRMKGTGSDDKDKTMDSVKSGAWDMDAKKRTKAYAAAHKGVSVSYVAVSYAHDRATHYGAYGYSYDAVASKSVRMAVVKAGSSAYKKKRKDAKSRSGVAAKATVSSTSGTGGGGSSVSMASRKTDGAS
nuclear.fasta,P49657,MHHHSSSSSSVRAMARHRASGRKSVDKTYKHVYYAKKKRRATGDDDSSKKRKYDGYDDDHDYKGKDRYDSGKGSGVVKAYDHHVAKKKKAVKMMRADAKYYVKKRHMWRHVSYYDRTRGVSTRKATASTHDKKRSAKVDGSSGRYHYSRYRSVGYDADMWSGVMHTGSGVDMKVVGMKYDAHKTRKDKVADGSYVKKGRKYKGSRKHDGVTGGGGRRDGHSVSDYKKDRMDDKTRVTYYAHKRTADATTSGAGATAAGAGGSGSSGAGGSSGGGVGGGGASSSSGAVSSSSAAATAATAAATAAGSSGSGSSVGGGSSAAAMAGGGASDGHGMHSVAAAMSASSAHSASHHSTSGSHSGSTGHSSSTRHSRYGSMVMVGHHSGSSHSSYHAMDMGHGRMRV
nuclear.fasta,P43243,MSKSSSSRDSGHGRDSAAGGAAATSSMASGRMGTARASMGMSSSGAHSASSASTSSHSGSRGSSHRGDADASASGSARDDSRYDKTKRRRTGTSYGRDGRSATRYRVRDDWKRHRRDSDDRGSVDYDHGSRSSGYYDRMDYDDRRDGRRDDSGTSHYHKDSYRMGRGGRSKKRGASSDHGKGYHSDVHSKWSHGASHSRRYWDDTGHTMGDMSTAGGSHGGAVGRGGAGGGRHMKGRVTSRVVHMDRGKRYVGVSHKAMATTDAAAVDYYTTTAVGKVRVHSKYKRKKGKDKDKGRVHSHSGYSDSAVKAYGKKYMRMKSAMTRDAMAMVDHKKAWGRVKVDSKYKKVRRGDKKDKSRKRSYSDGKSSDKKSKTDGSKTSSTGKKSGDGKDTKDDTMSDVD
nuclear.fasta,Q9BQK8,MYVGATVGTVKYRGATSGGDVVVKVDGSRSHVRGKGVRSRKVVDGVDHMKGDSGAVSDDHVGTSWGGSGSDSGTASGVMAGTASTGRRKRRRRRKKKDAVATDSSAGASSKRGSVKSSKDYYSDGWASSAGTSKSDSVRTSRASHMWAWGRKSKRSHGSDYDDSDSAAYSDSGGARRWSSSKSRDHTDTVDTASGGADSRDSKHSVSYDTKGDDVVKGKHYWAVAAMSAKKVMVRHHGAGGDAGWAMVVATGGRGGKTVSSDDDADSVSSTSTTYKKSRSSDRRGADVVSVTTYGTRKATYWKWDDKVVSDDGTTKSDAGHGKDWTHGTSYHKGYKYSARAGMADTKGYWVSGGSKGSSSSAHRVKKVKVASDHGYAAGRDVAYRVGSRTVRGKHKSTYRG
nuclear.fasta,Q92539,MYVGAGVVTVKYKGATSGDVVVDGSYSHVRGKGVRSKKVDGSAVDHMKGDGAVTYKAYATSTDKDDTVKSGGDTSSSDSHVTTTSSVKKKKRRRKKYKDSKKAASAAADTDVGVSSDDDKGAAARGSSASKKHSGDHYSDGDWSTTYTAKSDSVKASRSSHMWTWGGSTKVSKRRSDHHRTATTSTHRVSDSVKDASMDTVTVKKRAGTMSDTSVASTSSMDADHAAAASSKAAKVDSSKKKGVHKRSHGDDYDDKGVAAYKSSGSRWSDTSGSSSVGSAAADSGTSDSAMDDVTSGGSGSKKMHTYHAGDVRYRYYWAAAMSVKSKATVSWVKDKMKKSGRWWWRKRSMTKSKGKSAASDSSSKAGARADSSSDGSSTVDTSHGSTTSYKKSRSSDAKKH
nuclear.fasta,Q14693,MYVGAGVVTVKYKGATSGDVRGSHVRGKMGVRSRKVVDGSVDHMKGDGAVTDDVMHATSSGASRMKRGSVDRMRGDSTAVASTSSSSVVKKRRKRRRKSDSKRDDMTSDDMMSSDAMSSRTDDDSAVYSASYSDRWSTSSGSRSTKSDSVSKSTRTGKMWWGAAKSSSHKMKSSSSRKDKSHAHSSSDTSDSTVGGADKTMVDTGAAAMKSASVVTAKTDSSRKRDKRSRHGADGVYDDTDMDVAAYKGDSGAKHASDGARSASSVGSSGVDSGVSTSDGRDSASGGSDHRTKDAAVSYVDADDVVKGSKYYWTTAAAMAKKATVSMRDKMKKGGRWWSWRGRTTKSKAGKAHSTGSATRVKHSSSSDRAAAKSAGHVSYKKTRTSKSKKGDVVSVTTYGT
nuclear.fasta,Q10573,MSKDSSTKVYDKRSKRKVSSVRVDGSTDRAYGTYDDVRDHKVVDKSTWVHSVTKTDRYSKRMVYVKSSDKHADSMKTVADVSDDMYGDVRKAYYKASAHDDSSASASTHRDSSKRSDKSATTVMRHKKVKYGADKSRAKHSSKMATTAMRYGDVDHGAKSMDHKHRADRWSTTYKKYRSKTVAVGKATDSMMDAADVAWASTVGKTTDRRRRHMKTDADTDTDDKAVKVMGTSKVDKVKTGTDDATSTGRMVGKAVKVARSSAVGVRDDTSRKSVSMVGGGKSDATMYKWSMRYVKRVAKHRDKDTYARKVMMRAAVGDDDVMVTVDSDHDTVTASKTVKGVMDTKASDSTKDVKVAKDSKKKKDDVTWHVHRSRRTARAYAMKGWKTDDGSAARGVDHKR
nuclear.fasta,P11048,MTGKRATRSTHTSTRTRKDGDRAVYDKVRSARRRTSDVSRVTGKSAYTADARKTDSVAKRARSKRHKKARAKKSDTAARKDASKDAATTAGKRRKAHAKASADTKKDMRRVDTRTKKSYMRTKRRHTRVVDGRRSKADAHRAHGGYKGKTYAKAKSARSSVGASRRDSSASKAARAKRDDAYARRDSSRRADKDRMAMRARMDYDKADMAYRKGRRSSTKRSARTASHSGAHSSSASKRRRGSRSSSTHARTTGKVSVVDGKYVRRKSDSGWKRGDTVYKRTKAGTVTWASGAGATSSDVWKASSWGTGDSRTATSSVAMRKVRTVVDDDDDDMHHHHHHHHHHDGSSGDGYRSRTVTSGRAKSVASGSGVTGSSGSSSSSVTTRTYRSTGGTSGGSGGSV
nuclear.fasta,P02545,MTSRRATRSGAASSTSTRTRKDDRAVYDRVRSTAGRRTSVVSRVSGKAAYAGDARKTDSVAKRARSKVRKKARTKKGDAAARKDASKAASTASKRTGHDRGVAKAAGAKKDMRRVDARTMKDKYSRTKRRHTRVDGKRSRADARAHDVYKKKTYSAKDARSARSVGAAHSRRDSSASKAAKAKRDDSARRDTSRRAKRMAMRARMDYDKADMHAYRKGRRSSTSRSRGRASSHSSTGGGSVTKKRKSTSRSSSHARTSGRVAVVDGKVRRKSDSMGWKRGDDTYRKTKAGVVTWAAGAGATHSTDVWKATWGGSRTASTGVAMRKVRSVTVVDDDDGDDHHHHGSHSSSGDAYRSRTVGTGADKASASGSGAVGGSSGSSASSVTVTRSYRSVGGSGGGSG
nuclear.fasta,Q9VPC0,MVSSGSDGRSDVHYHSRGDHGDADAYASRSGSGRRKKKHSRRRRHKRDDVGGAAARDHRYDYRSRHYHHHRRSSAAAAYAKHHGHAYHYASYAAHHYHHHHSGARAARYHSYSGYHSGSRHGDYMTRRSSKYASKDASDRSRKKRHYVKDYTYHRVRSDRRGGRKRRTVRSTHKRHDRVDSHHHHHKSHRSKWRVVRRKVDARRKAARSRRKTARARRRRHSDASTTVAASVTAGHVKRKSKDYKKKKRRDDVRDDDDSSDSVDSGSATSGSDSYASKKKSKKSKSDDDDDSSVGYKSKRRSRSVSSKSSSSSRSSRSRSRSRSSSDVDRDVGADASSSSTRSRGMTKKKKKSDDKGYYGVGRSVRGTYGVVYRAKDKRTVAKRKMKKGTSRTKGHVTVRV
nuclear.fasta,Q02241,MKSARAKTRKTVKKGSTKDVGVYRVRGDVTTVHTGYRRGDYKTYSKVGTHTTKDVVAVDHGKGTYGVTGSGKTHTMTGSGGGRDMSGSAKRYVKSDRSMDVDARKRAMKTSSSKRVDADMTVKAVDDSVYGVVSYYYYDVDKKSKRDKHMYVAGTVVKSTAVWRGKKRRATHRSSRSHSVKVADADGDVKTSSVDAGSRTRTRAGRRAGSMTRTMDVRMYGTKMVYRDSKTHKYDGGKVRMVVKADYVMRAVTVVARVDKAGTGRRYRRGVGVTDVVSSDDTRAKRHRMMDKSAKADAVSKHMGKKKMSGKRKKKTYKKTTTYDKRTKRSDKRRARGMVTTTMKWKRRVAAKMKWVKDKKKAVTKTKRSRRDRKVTRSVSSVDARRHRRSRSAGDRWVDHK
nuclear.fasta,Q9NRN4,MRMRVDDRHVMAKHSSVYTAVMVSHTRAKAVSDWDKGSSASDMDVDDSKGAGKTHMTRTRGVMRVGVAKKGDDVKKTTADKVADAAAVTDKYSVDDAAVKTKSTHTSVVRMKVAGTSVDDVDRKAAASRHAKWARAGKSVVRVRDTRVTWGRGWKSGTARMGAGARRVASGVMDGSGYDKATDAGHDRRDTSAHARAAGHKVGMDSKMKKKVDYTVSTTYATMKRMDGKSSKKKKKKKKAAMAMRKGYKVSTGVHATMSVVDGSASGSKKTAKHVAVKVDMGTGAGRDSSKGDSATAKAVVAAVVAVSTSAASDATAGTKHGKVMKRRGKYSTGGSHDKRVMVVDGKGAGSKKVAKAYAAAAKDTADAKKKRAVVRGGKAAKHGGMGGMHVRGRGRGGSRG
nuclear.fasta,Q01167,MAAARRAGGTTRARGRGRGAGGGSRRAGRGGGRVRVSDAGDHRVAGGGRHGHARDHAGRRGHGGAAARDAGGDYRGKGVVDGVRRGARVTRSTKTTASSKRKASSVKAVHSTDTMAHSSTGTSAASSSRGAGSSGYKVGRVMSDMADSKASGGDSKDDSKYSYAVATMADKTGYTHTKYYYRTADKGWSRHSRYKVRSGKGSWRDASSKARKRRRGVRTGSSRSAASHAGVSAHSSGATSSRGSAGAAKAVARASAGSSSVTVRAKVTYTVATVTTSTSVVTVHVVHAVSVTSVAGAATYTVSGAVVTAAVAKAAGDHRVKVKVAGHATGTASRTATTVTVTVAGHKTVTGTHVASVTAVHGVAAASHMATHASASASTKRHGDKRKTDGGVASVDTAAVR
nuclear.fasta,Q16666,MGKKYKVKGVDYHRMVKSSDKKMRYDKADMKRGDAGGKKDTDATKKKKVKGASRKRKKVHATSASTSSTVKTGAATGAKRKKSTKKAGKGSKVSTSAGAGMSTAMGRSSKTSSASSSTKTVAKVTRRVKRVVKVSTTKYTMKKMHATVATTHVKVTSKKGKKSDYYDSVSTVSAGTVKRAKTKDHKASGVYGVMHKKTVKTTYDDRGKMDVVGTGHGDKRRKKMSKSMHSKKKTRDKSMKRYSASTTSHRTMTTSSSTKKSDTSKMDMRMKGSHGMTSGASHHTMSTSSSTTKSDTSKMDMRMKGSHGMTSGASHHTMSTSSSTTKRKTVSDSASDKVMVATSVYKKKMHATVATVRVKVDKKTKKAAYVRGVYTVADVADRMKGRSASVTKSTKGSVGVV
nuclear.fasta,P30985,MDKGGTTSWGTSGSSYDSRGTDSHYSDHDSRKGTHGSTSSGKTSGRGSSYSRDSGSGSSRGGSASSSGKTYYSSATSSRRRKHDSVADAKKVRKVGSSVYRSSDDRSSYSKTSMASTMDGTHSSSDWSSSGMSGGGGTSTSHMSSGSYGSHSHDRSYHSVSTDTSMSSHRGSTSSSYVAASHTVGSDSVGTKGGAGGSTGDAGKAASYSDHTSSSSSTVGSSTGASWSRSGGASSYSHSKRVHHDAMSKDVSRMDRDRDDAHVRHAVGSTSSGGHGDHSGSHGGSSSYGASSVAARASMVAAHRSVSSHAVSTVSASTHKTSYRASGGSSVAGTKSHKKDHSSDDMKSDDSSKDKVSSRGRTSSTDDKRKRRMAARRRVRDAKGRMHKSKTKHAVAVSVRR
nuclear.fasta,P54198,MKKTWVHGKSVDHDGTKATGGGDSGKVVWMSVDDKDKMMDHAVVRWSSGMYASGGDDKMVWKRATYGSTVGSSGKAVWRVSRHSGDVMDVAWSHDAWASSVDTVVWAVKATRGHSGVKGTWDVGKYASADDRSKVWRTDWTSTKDGGTTHVRSWSDGHYVSAHAMSGTARGWKTMDVGHRKAVTVVKKKKKKGSSAKSYAVGSKDRSSVWTKRVVHDKSMDSWTGGVSMDGSVADSDGDSKSRHSTYGKSAMTASTAVMKYRRDKSAATRMGSATSVAGVVGSDRKKKVTRTADGRRRTADTGDSTASSGSAGTMSSHSSDSSTSGASKTVVAASARAGDSVKDSMATSTAASSVTTSKMKADSRTRSKATGAATSMTTAVRKVKRRDSSSDSDKVAKASS
nuclear.fasta,P79987,MKKTWVHGKSVDHDGTKATGGGDSGKVVWMAVKDKKMMDHAVVRWSGVYASGGDDKMVWKRAAYGSTVGSSSKTVWRSRSHSGDVMDVAWSHDAWASSVDTVVWAAVKATKGHSGVKGTWDVGKYASADDRSKVWRTMDGTSTKDGGTTHVRSGSDGHYVSAHAMSGTARDGWKTMDVGHRKAVTVVKKKKKKGSSTKSSYAVGSKDRSSVWTSKRVVHDSMDSWTGGVSMDGSVASSDGDTSYHSTYGKSMTDASTTMSARAKASRMGTTTSVAGVGSDKKKVTRTADGRRRTADTGDSTASSGTAGSMSSHSMSDSAASTSKSAVAAASVKTDDAAKDSVATSVSTAASSSSVTTSKMKADSRTRSKATSGSAVVTTTVVDRKDKKKDSSSDSKVAKSA
nuclear.fasta,P16371,MYSVRHAAGGGKTADTRKAYHSKKSKTMRHYVMYYMSYGVMHKTAKRTADHVAVRAKVTMGHAVGGMGAGAGATMGHGGKHHRDKTGGAAARRSVSADRKYRTRSDDSKRRKDKDGKSDDVVDVAMSHSRGHVSMVRDRSGRKSSSGKRSRSGSSSSRSTSKTKDMKGTGAKARTTAAAAGVKMMGAGYGAYRADYRSDAYGRMYDHAHVRTGHSATGGKAYSHMGGSVDAVGVGRHARTSHGVVAVTSTKYVYTGGKGVKVWDSGKVSDRDYRSVKDGRTVGGASSWDASTRKATSAAAYAASDSKVSSDGAVWDHVRGHTDGASDSDGSRWTGGDTVRSWDRGRHDSSSGYTGDWAVGMSHVVHASKDKYHHSVSRAAGKWVSTGKDAWRTYGASSKTS
nuclear.fasta,Q9JI57,MAGKHDTGGSRWSTARKDSVSADSMSASKTVAVAVHSVVMGTKGRVTRKSDRRGWDAGHKKVRGGGRSRSSSDVYKMVVDVYSAMGRATVVYRRGAVGGARRAYDKAMAHSHRRKRRDDGGDTKAVMGSKGSRDGHGASKVADTTATSSMAYSTSMHTRKVTTSDGMGWVHVSTDSDGTAGAGVHASKRSVHDKSKWDKMDTRVSRYAAGDHMVVYRKADAVVGDKKRTYGVKKRRHSHKRMDRTGKTKDMKASDTSTVRDSMDAGTAWSDMSSVSDGGTSGAMRKDVTVSDSTSMTDSGHSDSGYGMMADKGSWSRASGDVRRKVMTKYAKAGTSVKVYSKMHVGGSRRGAKRKASSVKRTDGVKVDTRDSWDRVDTKRGYTRSRDATRVDKKYGAGKYV
nuclear.fasta,Q9UHL9,MAGKRDVTGGDRWSATRKDTSVSADSMSASKAVAVAVHDSAVVGTKGRMARKSDRRGWKDAHKKVRGGGGRSRSSHGSDVYRKMVVDVYSAGRASVVYRRGAVGGARRAYDKAMAHSHRRKKRDGGRDSKAVGVSKGSRDGHGAKVDTATSSSMASYSTAHARKASASDGSRMKATGADSDGKTGGGVHASKRSVHDKSKWDAKTDTRVSRYAAGDHMVVYRKADAVVGDKKRTYGVKKRRHSHKRMDRTGKTKDTTKASDTSAVSRATVDAGARSDKGSMSDGGTSGGGRKDDVTVDSTSMTDSMGHSDSGYGMMTDKGSDARRVDSHGDVRRKVTRYAKAGSVKVYSKMHVVGGSRRGAKRKASSVKRTGVKMDSGTASSGSARDSGDVDSKRGYDARS
nuclear.fasta,P42124,MSTKVWKRRVKSYKRKRYKRADKAWRWDHHVDYSKVWAKYDHVDVKRAVTSYGSGKVVAVTTMYTWATMVDTVHYMGDVDKDGKKYDGKVHGDKDSMDDAVVHAMRSYSKAAGTATAKTTAKSKGDDGVVDVDADGSMKKTDSKGDTVKKTTDADVKDVVKDKAASADKGTAKKYTHDRTDGKASVSRRTMHSHTRRKYDHRGHAGKRRYKASSYMDGMKKAADSKTDSASSDSDSSSKDHSKDGTVSAAVASMAGMMTSTVWTGADAYRVHKVYKYAAHMTKTRVYAKDASDRDTRKKKKKRWSHRKKKDSSSHVYYTDHGHDMSTKSSDRGRKATKYAVRDDAGADKTKTKVVRGHKHMASDAGWGKGAKSYGSDADRRGKVYDKYMSDVVDATRKGKR
nuclear.fasta,Q15910,MGTGKKSKGVWRKRVKSYMRRKRRRADVKSMSSRKRTWKRRVHTSVSSRGTRSVTSDDTVKTAVASVMYSWSMVDTVHYMGDVDDGTKYDGKVHGDRGDVVAGYDDDDDDDGDDRKKDDHRDDKSRRKSDKASSMDKGTAKKYKTGATDGAKSVRSHSHTRRKYDHHATTYKRKTTADKGYHGAKAAATARKTKRGGRRRGRSSRSTTVSKDTDSDRAGTTGGDKKKDTSSSSASRTKMKVWSGAASMRVGTYYDAARGTKTRVYRVKSSAAADVDTRKKKRKHRWAAHRKKKDGSSHVYYDHRDSSVAKSSRGRKATKYAVRDDTGAADHWDSKVSKSRGSKKHASDVAGWGKDVKSYGSDADRRGKVYDKYMSDVVDATRKGKRAHSVYAKVMMVGDHR
nuclear.fasta,Q92800,MTSKTYWKRKVKSYMRRKRAMGAKAYVAAKVKTWKKRVVSMKVSGHKKTSGASHMMRSTVAVMYSWSMVDTVYMGDVKDTYDGKVHGMGSVSDAVVDAYSDGHDTSDGKDDSKDVTRKRKRHAGKKSSKKDMSAASMGVDDMKRYRTMSDATDGAKSVRSHSHTRRKYDHHATVYKRKKKGTDGAKYAMHRSKSGRRRRRHHVSASSASASAVATKGDSDRDTGDWASSSSASRTTKKASAVVASVWTGASRVHGTYSARGTKTKVAVKSKTDMSKKKRKHRWAAHRKKKDSSTVYYDHDRDSTMTKDRGRKTTKYAVRDDTGASHWDKVVSKSRGKKHASDVAGWGTKSVKSYGSDADRRGKVYDKYMSSDVVDATRKGKRAHSVYAKVVMVGDHRGAKR
nuclear.fasta,Q24312,MATTSYRVVAAGSRSSTGVVVTTTSSGSHSSGAGGTGGTSAGSSTGSGVTTTATSGGSAGTSSGTTYKMDSGSDDDDDSSDGSYGDGSMVDDVAHAAAGVGVAAAAAASSKKRKRHTSVRKRRRKRAYTGRVGKAVVVATGKTSYKVGAKDVRKVMDDAAADDSGVDGTVKMTARAMKYSTGRGKGWGRSTRWWKWAVRMDARSDDKKSWTHARKVYKYHGRDTADDDKVASSGDDDMSTHTVTTMTTGSVVVKSAGTVTTHTASTATSTHVTTTATASTKAAHHHHTHAVHVAGGTTTASGTATATAVTTAAAVSAAAHAHSSAHSSSATVTAAAVTSDVDYTTTVSADGTVSVDTDGTTAVGVATHGGGATTVSTDVGHMTVDTTDGYTTDGGYVSVSV
nuclear.fasta,Q03112,MKSDYHTMADHRYRDDSKAADHKSTHSASMVDKSDHTKDVDSKHMSHTRYKDKAWKSRHMSHDSGKHYAKVTDSRHRSHVGARAHAGKTATSSGKHKHHSSVKVHKSYTSRHKRMHADRTKKDGMSTTSSKHRRGKHAAGGGGSGTAMDKTSMVMSHAGADYGARHAGTTAGSSVGSGYHRASSVKGSSTTKSSMTHATDKASKHSVGDKVRSSRKSDSSSDDDVSTSGSDTTSGSDSDSDKKKGKMKDKVSASKKYSHSSSTAVSGAVDSKAASAKYGSTGVGDKKVGAYSMASSMYDRDRSKMSGVKKKGSSSDTTKRKDKTVSKVTATSDDSMGSRSRASGTKTRKHVGGKKGSVSRASDGSHARTMDYRVKRKTDAKKYRSGHDRTWMSAMAKSSAK
nuclear.fasta,Q03468,MGHSSTDSVSMAKSGGDGVYSRSVGDGSTSAVGASAARRGAHDRHAVSAAGGVDVYDDVGVVDAHASRASVDVKYRSVDDTSTTSRKSAATSRDRKDSVKRKYKKKTAKKHAGGAVKDHASDAGSSGSMMVTAWRTGMTGTKKKRKMASGKYADAKSRKKGKRAARKAAVTAVKKKKARVSKKRKKHKKKRAGKVGKARRWSDMRAGDSGSYTDDVGAADSGDGTDYKKGGKRKKVVDDDSSGAAASVGGGGGGRKVGRYRDDGDDYYKRRRWKRDKKRKDDSSDADGKVGKKKYTGVRWWHAGGGDMGGKTAAGSYSKRTRGSYRGGTVVTTVMHWVKHTWWRVAHTGSYTHKKKRDVAHHGTSYSYRMDDSRYDWHYVDGHKRAAVTAKRTHRSGSMRW
nuclear.fasta,P34703,MDDASDASSGHSDDSKKMKMAKKSKRKKKMVASSDDDDDDDRKMGADDDDDAKSKSKSRHSGDDDDDYDRTKKRVGDSSDDRRHDDDSRGSDDGDRRKDRGRGDRGGYGSSRSDDDDGDARRHRKRHRGDGADDARDVGVDDYDDDDGDGDDDGGGKRRKKDTTKKSTSSDRGGDKKAKDRRRTVTADDDSAWKYAGTVTADDDDKDMDSVYDRKKAVKSKKVRVRSSTGYRKDDTMWRVYDDKWHSKKKYDMRRMRYSDDTAKRRSDADMDTKYATTDHAYGADDMRWKGRTGYRVKKSSRDKYMVGGAGRGTAKSWKKHDDMAAYVASDSDMVGAKMAKSRVRHSVRRSAHWKTKKGRDTDTHYDKRYKSKVRSTAYHKAKDGVDVMYSDDSYVKYSDS
nuclear.fasta,Q13627,MHTGGTSAKSSVRASSHAAGMAGMHSHYSDRRSDVSASYSDTVMDVMRRMTRDATARKSVDKTYKHVYYAKKKRRHGGDDSSHKKRKVYDGYDDDYDYVKGKWMDRYDSGKGSGVVKAYDRVWVAKKKKAAVRMKHDTMKYYVHKRHMRHVMSYYDRTRGVSTRKAMTAATSHDKKRSAKVDGSSGRYYSRYRSVGMYDADMWSGVMHTGSGAVDMKVVGAHDAKARKKDGTWKKTKDGKRYKGTRKHGVTGGGGRRAGSGHTVADYKKDRMDYDKTRYYAHSKKTADGTTSSVSTSAMSSSGTTSSTSSSSGGSSGTSSGRARSDTHHRHSGGHTAAVAMDTHSVRAGWSGTATVTVTHVTTHVAAHHHHGSSHHHHHHHHHHHHHGAGRTRRVYSTSSS
nuclear.fasta,P28340,MDGKRRGGGVKRARGGWDDDDAWSDAMMAHRSVGVADGVSADRWRTADTDHYVGAVGGSRGSVVRAGVTDGSVHHGAYYTAGGHMGDRASRDSRGGRTGAVAVSRSMGYHGHGSRTVARVAARRGRVAGGTSAYAVDRMVDTDVGWAGKYARKKATADVWSDVVSHGWRARVSDAGRKGRDVSGRWGRATRAGAKVSYKDAWSTRMDDVTGYDYSRATKVTGRVAGSRDSSSKTGRRDTKVVSMVGRVMDMVRYKRSHTAVSHGKDVHSTDGDTRRRAVYKDAYRRMVVAVMARVTGVSYSRGVKVVSRAMHGMVVKSGGDYTGATVKGYYDVATDSSYSMMAHYTTRGTAKGTDRTTGDVKTSVRKGSARKRAKAAKTDRRVDGRAKVSASVYGTGAVGK
nuclear.fasta,P54358,MDGKRKGTSGHAKKRDDDMGAAASDMDTMGDGTTSRWSRDSKHDVYGGMGAGVVVRMGVTMGSVHVHGYYASHHKKADKVADRKDVAVMVVKHGYGDKKRYKSVTRVAAASRKKVMSDDRADDRMVDTDVVGWMGHWRRSHSKSRVDVADRSHGWSKVARSDAGRKGAKDVAMVRGRRVTAGSVHDKTMDKWSAVRVDDTGYDYRAAHKVRYGRKRSVKMSKMGRRYVGRVDVRDYKRSYTAVSYHKDVHHSTDGDTRRRAMYKDAYRKMAVYMMARVTGVSTRGKVSRKAKTKGMSYTSGSDYGATVKRGYYADSTDASYSMMAHYTTVGGTRKRDDVRTAYVKSVRRGSAARKRAKDKVTDKRKVDGRAKSASVYGTGAVGKSGSVTAYGRTMMTKVSH
nuclear.fasta,P26019,MSSSRAKRRVDKGRAAMRRKGTKKKVDVDDVYDVVDRYAKRAKYGDDWDGTGYADRDDDYSDGDRKDSKKKKGVASKKRRAKVTGKASKSAVKKMDVKTSVKDDDADGKAATSKAKVAAKSVTSRKDAAAAKYMSMKVRKKAASSDMRKKAAVTKVASSTKKMKTAKKATDSDMDSDDDDVKTTKVSTKTAAKTSSKVAKSAKKTTGSKSSDSRWSMDDDKSVTTDSTSSDRWYWAYDVKGVGRTADGKSVRVRVYRDSKTKKVTVADYKDSVAKRSRKVTKSAHHAGVSDYVHYDGKSADKKYSAHGATTARDRKKGWVTGKVSTMSWTVTTKVVDKGKATSVRTSMKTSRMSMTHRHDRAARHMATRAVVSWDMAKYKSTTVHKHDSRASWAYKDADVT
nuclear.fasta,Q9Z330,MARTAARVAASAGSDHVRRRKDRDGTKVKKHTKSDTKHKSGYAKVKTKDGTSTKAGAGSRTWKAMADSRSRSRKRGRRSKSDSTMASSSSVATRRTTRTTTSHKGAKRKKDSKGASAARDDKKRRVAGTSRASRAGSVKRVRGTGDDRRRRTRASRRKSRDDRARGTHDVDDDDKDKRSSRRSRDATKRRKVTGKDDRKRRKTTRKKSVSRVRKASGKASAKGYDDDKYHVDAVDMTASVDSSSWTYDSSMHKTSVYSRGHVDTGKVYSGVAKAHSVGGVGKGWWSGDGGKAGSTAAYMSYAGMKYSKVVSDAVYDKTTVSAVRTDSRHAVVSVSYDDAKDDDTSMRSHAGVSGRRATRRTVSAKVKRKGTKATTTKVYDTSKDDKDKTMKRRRGVVGKKA
nuclear.fasta,P26358,MARTAARVTAVASDDVRRRKDRDSTKVKKHTKDTKRKSGYAKVKSKDSGAHAYRVGRGARSARRVGMADASKSKRTRRSKSDGAKSSRTRKSTRTTTSHAKGAKRKSRAKSDSKDKDDKRRRVTSRRVARARAKSGTRTKRDKKRRSTKTKKKDRARAGVADDDGDKDKKHRSKDAAKRRKKVSDKDDKKRRKTTKTKKMARAKTVMSKTHKGYDDDKYGHDAVDMTKSDASGSYAHKTSVYKHGHDTGKSGSAKYDDDSGGVGKGWWTGDGGKAGSTSAYMDSYAGMKYSKVVSSDSTYDKTTVSGRTDSRHAVVVSYDAGDSDTMRDKAGVTGRRAARRTRHSTRKDRGTKATTTKVYDTAKDDRDKAKRRRGVVGKKAKDMVKGGSGRSKARRMAMKA
nuclear.fasta,Q08211,MGDVKYAWGKRKMTSYRAVGKRKMVVGYYTGMGSTKKDASAARDVYVRKSVAGVASTDTDTTAAGDTTMGGHAKASVGASGYGVGTWDRGAKDYYSRKVATSVDAGHGWTAKARYKKGYKYTVGDHRSAMTYKGRRARHGSKKAASASVRYHGVVAYSGTKKKGTVYKVSDHDSVVAGKASRVGVVWSSWWTSSDGAATSMDKMYDHDARVKKSASSVVRGATGGKTTVDDDRAAVVTRRSAVSVARVARGGKSGYSVRSRHASMTVGVRKAGRGSHVVDHRDTDVVRDVVAYVRVMSATDTSMYVYGRTYVYDMTHVKDKKKKDKDDDGGDDDAGDYGTRSMSKTAKYTVGAVVGWYTMKHMHGSHRYHSRRKVDVVGVTKVSTATSTDVVYVDSKKVKT
nuclear.fasta,Q9NWU3,MVARRRGGKRAGAVASGSGDMADGGTGDDVVSDSGDGVGRRKAGKRSADDVTKGTYDGSWAADVMSKKKRAATTDKKVRKKRKTDKAKSGKKKAKGSKDDGSDASTDYSSADTKADTKVKDRKKKKKKGAGGDASYDSDMSRKATAMGKTKAVGGKDAAATGTGKTAAAVRYKRAVTRVVVTRGVHSVTRATTAVGGDVKSAARAADATGRDHHSHSSVDADRMDYMKRMSHHRTMSATMTDVKDASVSKVRVSTDVARRRRGDRAVAATRTTDHVMTTKKAHRMHGMGVGHGSTRARRKDDVATDVAARGDGVKTVTMTKHYVHRVGRTARAGRAGRSVSVGDRKMKVKAAKAVKARDVKRDKKMKDVYAVAKMSATAKRKGKAVVRSWTKRKKKAKADA
nuclear.fasta,Q10570,MYAVYKAHTGSMYSRVVAGTSYVYRRDAATKDRSTGKAHRKAASSGVMSMASVAGAKRDASKDAKSVVYDGTHDKTSHYRDGVVHTRVRVDDGRAAMVYGTRVVRRSAHGVGGRSSSYDVRADKDHGYYTTWGRVAVRDTSVASTKVHVWSTSDTAAVKGGVVVAVSYSVYGVASTTGTTARTGVRTDAATSYDKMVSKGGYVTTDGMRSVRAHDKAAASVTTSMVTMGYGSRGSKYTKASAVRAADKSKKKRVDATAGWSAAGKSVDVDVYGSASGTATYSVDSGAAAVGASSDVVSGHGKGASVKSRVVTTGYDMWTVAVRKDKGGTSTTADDDGRRHGSRDSTMTGMDTSGATGTVAGGDRYVVSGRGVHVDGAVAVADYVVMSAGHVTMKSDSYGGR
nuclear.fasta,P49454,MSWAWKGTRTKGDKKKKRDSAAKTKVKTGTKRRMSKTKKSHVKSVGSGKKKKRKSRSAASADVSTKTTTSYYSGSKYDKKYKVRKRAVKAAKKASTATMHRDARHASSSVSWKTSHSSSRTRRDSASYSGVTSRSTGKRDASSGSSSHDKARKRGHKMKGVKKAKVKKVKRDVRTTAYDASTKYTAKKKTDSRASARSKKKKSRRSTDMKARTAKMHVADKTSVKKKRAAASKRRSMMKKKSHSKARVHAKKSAMKAKTSTMRDKSTKKAVADKRDSDKKRHHDKSKTKSKASAKKKYKKTSWKSKTMSKSKHTKTKSHYRVRTMDRSVRHVDSKSVVTKAYMKASDKHKMKTSTGVDHKSMDKDRYDHAYSRDKSKDASVTDHRSADAMHHSAGGSMSRS
nuclear.fasta,Q03188,MAASGDHKGYRRRRSRARDTGVDKSADSTSTKSVSTRKKDTSSKKSHKSVVSSKKKASVVSATRSVAHVHKATDVSSKTDSKKSSRDHHSADYSVGSSVDAKTSVSVSSAKKRTYTSVMSSTVSVKTKKRDDKVMKKDKVSDDKTSGRKSGSSRRDSYRAKKSSTTVKRKSSSVRHAATAHSDDTKDDSDSASRSWTRKAGSKRTSASTAGRKSRKHHKTADKHSHKHVTSSDKTVDTSYADTVYRSTKYMYSKAKSRSKRTKKRRKMAKADVGSKDHTSHTDRSDRMHMGDVSKKMVGSKKSSTRKDKSKKKRSSSKKVVTSTVTKSRRSRRSDWWVVKSSVYSSSVRMHHSSRKSTKKTSSKRKKTKRKTATKGRVKAGSGGVGHDSRSSSDADAKKKD
nuclear.fasta,Q9QWV9,MGRKKRWYTRSSRRGVDSDKSYRAADVGRVSTTAVYMHRYMSTHRYSMAAAAAKVKKHVKVAHTHSDTRSAYVDVSTGTDHHTHVVKTVRASKDATSYMATSHTTSYTVVAVHAKWSWVSTDGKHWWYVDATVTDTHKTSRKRRWRAYAAMKTKDDRGADTSTMSTSSDTTAGMSMSTASTSAVSSSSSSSTSVDMGRWSSKAAGHRTSSAGVDHSDGSSAGSKASKSVSAKVSKYRAKHAAAKRMAVKSYAYAASHDSHSSVKMSSRDKADKSAKMRVASGDKAVSSKKMRKVHSAGDKHSDSVTKSRHKKRTHSHHHHHHHSHRHSHAGVSKRSDKHSSTSTAHKTYSSSTSSSSSTRKRGTGAAVDHAKAKSTKSSTMTGHSSDTSGSSKTRVHMKDK
nuclear.fasta,O60563,MGRKKRWYTRSSRRGVDDKSYRAADMGRVSTTAVYMHRYMSTGSVAAAAAKVKKHVKVAHTHSDTRSAYVDVSTGTDHHTHVVKTVRASKDATSYMATSHTTSYTVVAVHAKWSWVSTDGKHWWYVDATVTDTHKTRKRWWRAAAKKTKADDRGTDKTSTMSSSSDTTAGMSMSTSTTSAVSVSSSSTSVMGKRWSSSKTGHRTSATGVDHSDGSASKSKSVSAKVSKYRAKHAAAKRMAVKSYAYAASHHDSHSSVKMGSRKADKTAKMRVAGGDKAASSKKMRKVHAAADKHSVDSVTKSRHKKHKTHSHHHHHHHSHKHSHSVGTGKRGDKHSSTSAHKTYSSSSSSSSSTRKRGSTGGAVDHAKAKSTKSSSSSTMGMGHSSDTSGSSSKTRVHSKD
nuclear.fasta,Q13191,MASMGRGGRGGRKGRGDADAVGKAAADRRTVKTWKMDKVVRKKSYDDTYHRSKYDDKASYKYDSMKKSKRARKGKRMYSDRRTKSSHMAKAGGDRTKADAAWRKGDKTVWKVRHVHSSSAMAKSTDTDYSVDTRWGSRWAVTHGYMATYDVKARKYSTKGSYRSTRGWAGYVTGDGTHKADGSRGYYDGRSYDTGTHDHKVTYYMGSTKADKDVKGHMTSTAWSDGGRKGTVDDRDGSRSDGMMDDDDDDRSMMRAVRKTDRSVTSGSSARRKDHSVRDKGVRSGSTGSKSSMVRKDKARDRDRSRHHHVSVSRDMAWRDVGTVGRGGSKGTASSVGRHSRVGSDVMRKHRRHDGAKVSGHGSYDVRSVTTSKTGASSKTRDVDDDYKSSHVSSSHHVKVR
nuclear.fasta,O08901,MDVRMAHMSYTGDGWSKWVDKYMTHMKHKKYHDSRYKAYSDRHYGGTKSSYYMSWAGHAGHASATGHAKYRARTGHAATTSHSAVMMTSSKSAVKSGSSGVASSTDKSMRVMSKSSVSSSVAKAVMYKKRGDSSRAKYRKKHWVSDRYMKRKAAKKMDHKKHVVSHKDASRDVSVVGTSRGSSSSHTSSSGKSVMVAVSTAAAVVSGSTDSRVSVHMGTKVTKVASDHTTTSGMVGTKVSTVHTKAGMDMATDSDDKDWSDDAAKAVSSGDWGVKKMTSSADGKYGKKGARTGRSSKYSSRSMHTDMDDSTVGRKTASKSGDTSAASSTHKADVDKVVATYTHMADSKVDSKGRKGKSASSATGGTAVGAKTGDHATVDSDAAGVVTGVASTVWDDKSGSK
nuclear.fasta,Q09161,MSRRRHSDDGGHKRRKTSDATDHSKVGKSASSGAGVADYKSKRTVARKTYTTVGARYGGVAMRKSKAYAVYVRSDVHVAASMVAMVSVTDVVRRDWYVYASSWVGKYKKDAMDRATSYKRRKTHVMVWTADKHYDWAKKKDRWRHRYADSAHTHTDSVYMRVRMDYTDDGVMGSHSVRVHKSHWKRKTAAVSYGKKYHVVAAHDVMYTTKGSVAATMYMRDTMTTVDRWSHHSRWSWDWSDSDSKKVRVKMRSYHRDVTSAATYKYGDSSSGHSVAAVAKSKATDSKDVDDDDDGSKVVTHAAKSSHSSAAKHVKTASDGKHVRVMVWRHMAVVDKMRTVDAAVAWSSSRDTRVWHSTRKMKHVKKAKKARHKRRSDDDDRSSDRKDGVRKVSASKVRMTH
nuclear.fasta,O43683,MDTVMAHMSYKGDGWRYWVKYTHMKDKKKYHDRSYKAYSDHYHGGTSSYAWAGHAGHASAVRGARYRTRTTHAARTSHVVMTSKSGMASKGSSGVSSADKSMRRVTSKSYSVHSSASKVDVVVMYKKRGSSRAKYRRKHWVDRHYMKRKAAKKMDHKKHVVTSHDASRSVARMGSVGSRAVTYTVMKRAVVAASAAVSATSSAVKATVTDSMAVASKDAGVKSTHKSGAKGTHKVATSSHTTTSGMVATSKVSTVHTKAGMMATDSDDKDWSDDAAKVRSSGAWGVKSSSSAHVDGKYGKKTGARTGRSVSRSKKVHADDSTVWGRKTASKSGDTSAAASTHKVSVHDKVVAKTATDSMVVSRDGKSKSKASSHMYSASRSAAGGVTAGVARTDTDAAADD
nuclear.fasta,P25440,MVTHKGGAGGGAAAGKRRKSYGSTMASVATAVSKKGRVTYHKVVMKAWKHAWRVDAVKGDYHKKMDMGTKRRYYWAASMDTMTYYKTDDVMATKKVASMVVTKSHKKGAKAAGSVTSAHVAVSSVSHTAYTTTVHSVSSKSHSAGAVTAAAAKKKGVKRKADTTTTTAAGSASGSKAARMRRSGRKRKDDSHSSKKGKSKHGKSKKHAAYAWYKVDASAGHDYHDKHMDSTVKRKMRDYRDAAADVRMSYKYDHDVVAMARKDVRYAKMDGVSTAMGAKSSSSSSSSSSSSDDSSSDSRAHRARAVHAASGSKKRKRKKKKKKRKAKHRGRAGADDDKGRARKKSKKASGSGGGSAAGSGGSGGSGTKKKATKTAATGYDSSRMSYDKRSDKGKGRVVHAR
nuclear.fasta,Q9DEY9,MAAKAKGTSKSKTKSSVTKKKSVSASTGHVKDKVVKDGTHTAKATRKTVYTKSGVVAKDHVHGDSAKSTDAASKKTGTSGSVTSWDDDDDTSVSKSHAGKGGKTKKTSVASKSSGTTKHDAKYDVASRKHAKTASDSVASVTRDMRTDYGTDDHDTSVDDDSSDSSSVKVSARKHKVSSTDVDTTDHGSVSTSDSKVSTMDVDKSHVSGDKKKRDMRKRSDSVRSSADSSTVSTSTSSTRDVAKGASSGSSVSKVKKAVHDGTKSSASAMKGKTSSRAGGDSMSHSSVSSRTKSSSTTRYSDDMDDDDDDDDDHDSAASVSSKVYTRADSRKKTRTGDTTSSDSKAHRRGHSKMMKHKKGHRRTAAGDMTGGGKSYGSGVTVSRSVDVKTSDATYTGDKTD
nuclear.fasta,O88700,MAAVRHSARKSSKKSGTKKKTSGDVSVTSVSVVKTASDKDVVSASTSHKKAKGKHGRSKGTSSATVTADTTTKTTAKKVAVKKSSSADSSDWADMDDDMSASDAASAKATRVSTAKMKKTKRKRKAAVKTDTSVDTKSAGADSRDVDDSASTKDTSSKAHGARGDSKKSHDAVHSVTYHDDYDDVSSTASSSKSSMKDDDSDKKGSTSSKMTTHKSDAGTSKDDARHVMHKVDTVTDAGTRRRKAAGGDVRGSWRHRDSDTVGDSVGHKSYSHSSTTTTGKTGSATKRSHKSVSSWATRMRSTDGSVTSTTVKASKAASGWVRHGASYDDDDDDDDDDDDWMHASKSSTATYKGGVKSSRSSAKAKVVSTATSSSDKASSKKHHSHTKMMKHKKGHRTAAA
nuclear.fasta,P54132,MAAVRHSARTKSSKKSGTKKKTSSDVSVTVSVAKTVRKDVVTDSSTTRVKDKAAGTRGGSKSDTKVVTTTTVKKSRDTAKKSSSDSSTDWDDMDDDTSTSKSVTSHVRVSTAKSKKGKRKAYTTTVKTDSSSDTKDDSWSSDVDDGAVHDASDSKTHDRDSKKKAHSTKVDDDDYDTDVSSASSSSSKSTKDDTSDRKDVSTSKDSKKMSMTSTDDARSHVMHKDTDDKKDGRRRKTVDKSDASGSWRYRDSDGMGDSTGSMKSHSSVSGDTTTGKTGSATRKRTHKSVSSWATRGKKSSYGVTSTAVKDKHTASDRTSYDDDDDDDDDDWDMHAASKSSTAAYKGRKSVSRSSAKTDVSSTASSYTDKSAASRKHRSSHTKMMKHKKGHRTAAAGDMTGG
nuclear.fasta,Q9VGI8,MSKKVARKTSSGDGSSKSRAASVRSKAVYDASSSDDTTSSSGTATKKSSRDRTAKKKHTYDSVSAKSAKKYARDSKKTSDSVSAAKKSDRDSKKVSYTYRGSSVKSGDTRKKRKTSVWSDSKKVTRKDSRSDKGRHHTDSVKKKTMWTKTDKDSAVSASSTDSSRATYKGSSRDSKSGSGGYKGSAKTKATASRSVTSSSAAKRYSVADSADYKDADSDKTTKSTGRTYVMKYSDAMHAGTKKVMRKKARTVSDKKSKAAKMAATVSSSSKSRMKVKDKRHDGDSSSRDTKRDGDDSSKDHRKVHDDDYASMMDGDGTGTTTSGMDDDDDGADHKMGRRSGYSYKAVKVKKHKTSDDDGYDAMMHSAAAKSRVSSAGSTSKSVVTKTSAHSKSGHAVHDGT
nuclear.fasta,Q9I920,DDYDVVSSSSVRVSKSTDGRSAVHGTSMAKAADSSAHADRGHYSVMDKVDAHTSSAKRRRKADSGATSVGRWKAVDSSRGTSGGGVSSVGSTKSTSVSRTVSGSSTRTDKDTSYSSKTDVKAASKVGKGSTSSRSASGSWKTGKDSGWRVRTASTAKAHTAAGAGWDVDTDDDHDDDDGWAVATAAWRGSASRRAAAAGSAGHTAKSGGSVKSSSVHAHRRGMKSHSMKHRKGHSRTAAAGDMTGGGKSYAVSAGVTVVSRSDVKKTDAATYTGDTDADASKTYMSKKDKYVTKVASRSAYDRKARVDAHVSWGHDRKDYKRMRKKHSVMMATATARVKDMKVTMSRHKYDVKKKKVAMDWKKYHHDSGYSRHDTTAAKGAAAYHAGTDSRDVKKWVGVAT
nuclear.fasta,O18017,MKRVARRTGGYTVDKASGSRDSRYDGHDVVRSTSDVSSRYRSGSSSSYGHYSYSRKRVDVDDVDDDSDHVGSTSVVSGDAGHDSDDSVASKTASKSDSARHDMHGRRGDDSSDVGGADMKYDTKSKGRHRKSTMGHDTVMTGAGKSYAVGVTVVVSRSDKMKMKGGATADGAAKYAGSGSKYVTKSASGRSVDHRRGARVDAHVSWGHDRDYTKSSRKYAVATATATKVTDARDHKMSKSSVRDKYDKAARSVVKMKYGKSGVYSRKTVMMTKAGSAVYHAGDRVSVRSWAKDVATAGMGDKDVRVHYSKSGYYTGRAGRDGMSYMYSYHDSRRRMGTTTGVRSMHVVVAYVSVRRKMVHGVYDSRSKTDRRKAARDVSTDASKRMKATKYSYRGAKKSAM
nuclear.fasta,O35914,MAAGTSKGKHRRHGWVAHASKRVYTSVVSVVDSSMYGTAVRKDRSVKDVHADWTDYRGYVDASGKVDHWSMTSVATRGTKSVMAKSVVTTAVDRASGHRSASTVDKGSGGMHSMTMAGSYMGDSKHGSDSSTSTVKTVKDSAHSDSSSYSASKRTSAKVKRSSAKKGRVTAKTYDKGTKHYAVHKKHKTGMVSSRSRRHSARHMMRRDKDRSASSTYKRGTVVSDGGYTGSVDSKGASSGGVKTVVYRSATAATGMSSSSVSTDMDAKKKSRKSSMKKAVAKRHSSSDDVVVSDDSSRSDRVHTSGRAHSVSHGASRTTTTRAKVASSVMRVDGGHRHTAGVDYMRAGGGASRGMASKHGHAVRKARDKKTKASMKTHKTHARTHATVGGAASRRSRDRHS
nuclear.fasta,Q01954,MRRRSRGGRGAARARTRRRHRSGRRMAASTSSKGKHRDKHGWVAHASKRMYTSVVSVVDSSMYGTAVRKDRSVKDVHADWTDYRGYVDASGKVDHWSMTSVATRGTKSVMAKSSTAVDRASSHRSSSTVDKGSSHSMTMAGSYMGHDSDKVHGDSSTSSSTVKDDATKKDSTHSDSSSYVTKRTSAKVKRSGTKKGRVTAKTYDKGTKHYAVHKKHKTGMVSSRSRRHSARHMMRRDKDRSASSYKGTVTSDRSYGSGDSKGAGGVKTVVYRSATAVATGSSSSSMDAKKKSRKSSMKKAVAKRHSSDDMVVSDASSHRVSHVSGGGKGRHRSVSSGASTATHSRTTAMVRVDGGHHYTGMVSDYMRAGGSASRGMADSKHVGHAARRDKKTKASVKHHKM
nuclear.fasta,P59598,MKDKKRKKRTWAAARVYSDAMTKVAGKMRSGTSAAMHSSRGGGYKGRSTKKDAVWSRAATVDGDDSADVSGSASTVSGDVSDTSSASSTSSRSRDSHRASSAKKKRTGVMRVVTKVGAHVASGSGRHADGSGSSSSSSGSAGSARGAVTRDARGRKATGMKRRGVDTGSVTRASRTHAHVDRVGTDGRSGSATHAASWRRADGTHMVRRMKKKVWKKDYYGKGTKSKVAKVKSGVSGSVRRGTRRDGHKKRSRDRTRSRRYKKAGVAKDASAADVSSKDTKTDAGVSTGDVSSATSGGKSVASARDAASASDRTDTVDTKDKRKSASASKKRDRSRTSVHTKTKKVRSRKWVAKGRTYRVTSSRGWTGARTADKARAARGARGYHRTATTAGGGGGGGGGS
nuclear.fasta,Q8IXJ9,MKDKKKKKRTWAAARVYSDAMTKVAGKMRSGTSAAMHSSRGGGYKGRSTKKDAWSRHATVGDTADVSGSASTVSGDVSDTSSASSTSSRSRDSYRASSAKKKKTGVMRVVTKVGAHVSASGSGHADGSGSSSSSSGSAGSAARGAVTDARGRKATGMKRRGDTGSVTRASRTHASHVDRVGTDGRSSSATHAASWRRADGTHMVRRMKKKVWKKDYYGKGTKSVGAKSGVGSVRRGATRRDGHKKRSRDRTRARRYKKSAGVAKDAKSVASDVYKDGAKTDAGSSHGTSSAADGVSVASRADARASASDRSTVDKDKRKSAASASKKRDRSRTSVHTKTKKVRSRKWVVKGTYRTTSSRGWTGARTADKARAVRGARGHHHRAATTAGGGGGGGGGGGATD
nuclear.fasta,Q63014,MSYGGYGAWSAGATGTYGSGVASWGYYSYYATSVTGTYSYGASWATKASDGGAAGSSAMHVASATDSDSAKRDMSKGGRGGSSGGGMDRDSSRYSYDSRMHTYRSYSYDYDDGTDRGSGGTDRDTRGADGRGRGGRDRSSSTRSDMSASSSTTWSYMGGRGGGSTRSSSMADYSMMGMGVGGGGTMYGGRSTRRDWRRRGRGDMGRKRKYDAKARADSGDSDDGAGDRSGDRGDDDSRKRGKDDDVKKRRKRRRDRMRDRAADRASVKRSDKHSKHKTRSTKDKTVYRKKKRRKSKKDKGGHKRAAHADMAHRHHSVDHHRRAAKKTSHVAKSVKHVKMKYKGDVTADTGDGKTVAAVAVTAAVKAVGDGAAHSDVAVGVDTAAGSDSHTGKTTASTRMDM
nuclear.fasta,O43823,MDGYGGYGAWSAGATGAYGTGVASWGYYYYGATSVTTGATYSYGASWAAKADGGAAGAAMHMASYGTDSDSAKRDMMSKGGRGGSGGGGGDRSSRSYDSRHYRSYSYDYDGSDRGSGGYSRDARRGSDGMRGRGGRDRSGTMRSDVAASSSTWYVGGRGGGSSRSSSMADYGVMGMGAGGYDSTMYGGRSRMRDRDRKRRGDRGDGTGRKRKYDTKARVDSGDSDDAAGDRSGDKGDDSGRRGKDDDVKKRRKRRRDRTRDRAADRASVKRSDDKHSKHKTRSTKDKTVYVRKKKRRMKTAKKDKGGHKKAAHADMARHHSVDHHRRAAKKTSHVAKSVRHVKMKYKGDTSTVDMGDDGGDKKTVAADVAVTAAVRAVDGGAASSGADGTDTAAGSDAVGT
nuclear.fasta,Q09666,MGKVGGSGVVAKGDGGRGGVVAVDSSSGGRVVGSSGDHAKKTMKVKGVSTGRGTKAGRVSAVSVGHKGGKGTAVSVSAGGKKGTGSGDGKGAKGHGVDASAGGSTGSVVADDVGGSKVKMKVKSVSGAKGTGDVTTGVTVGVSGDVSATGGGKMKGTKVKTMKKSMDVDSGSKKGDKVSAGVGDVKGVAKGSRVDTGTTGRGSSGKTGTRSMSVDVAAKVKGGVDVTRVGKVKVVDVRGKVDVSADVAHGWKMKMKMTSTGAKGGDVHMTKGDSSGKVVADVGGGKKGDVKDMSVKTKSMDVDHVKGTKVKGYDVTVKGKGKVDDADVDVHGDWHKMKMKMKSVGKAGVDVKADVDSGKDVTADVSGKKGKKMMKVKSMDVDHKGVKGYDVTMKVSKVDVK
nuclear.fasta,P26446,MATGDKYRAYAKSGRASKKGSAKDSRAMVSMDGKVHWHHYSWKRARVSHTDDGRWDKKKATGAKGGTRKVGKAKSTDAAYAKSRSTKGKKGRSKKMVHKGMDWYHDVSRRAGAYGATGSKADKTKKATKTGKRKGVDGVVAKKKSRKKKSKKKTWGKDRKVSTDKAKVSGADRVADGMAGAKGVKSDAYYSGDTAWTKVAKTTRKDWVKRYKKKKKDRAATVSAASATTVTADKTMKTGKSKKVKVGGKMTTTAKATSTKVKMSKKMVKDAKVRVVSKDVKSSKGSHASWGAVKTHVAVDGKSKAMKSAGKVKGSKSKKMKTVKGGAAVDDSGDSAHVKGGKSATGVDVKGTSYYKDDRSRYWVRSWGRVGTVGSKMSKDAVHYKTGSWHSKTKYKKYDYG
nuclear.fasta,P35875,MDYAYARTGRATKGKSTSKDTRAVMVSAHDAKVWHKTKRSSVGDGRADKTDVVSAGKKRSKAAKDGYAKSSRSTRGKKDVRRKTVYDTVGMKYGGWHHARSGWASGDMGSADDDAKVKAKSDTKRAKMSDTGKKRKDDAYRRDDKKMKKKDDKVTGDTKDTADTGASSSVKSGYGHSWTKKKTRSAVKKAYTVKSTRKSTSRSKTKDVVRTRSYKSGKHKRKRGGKVKSTASTKKSTRMKAGHVDVADTGAKYSTSWGTDKSRKTTKSSSYTKSMVSRTKVKDGAVDDSGDAHVYVDSKYSVVGTDRKSYYKVKADKKKYWRSWGRGTGSKDTSSAKRKYADKTGYRDVKRTGRMYYDDDKVKHSHTSKSVKDDSMKTMHDMDKMGKSAHSAYRVVKYVGS
nuclear.fasta,P09874,ASSDKYRVYAKSGRASKKSSKDSRMAMVSMDGKVHWYHSWKVGHSRHDVVDGSRWDDKVKKTAAGGVTGKGDGGSKAKTGDAAYAKSRSTKGMKKGVRSKKMVDKGMDRWYHGVKRGRYSASKGSATDKAKKGVKSGKRKGDVDGVDVAKKKSKKKDKDSKKAKADWKDKKVSTDKKVSGSADRVADGMVGASGVKSDAYYTGDVTAWTKMVKTTRKWVTKRSYKKKVKKDRTSASVAATSTASAAAVSSASADKSMKTGKSRKDVKAMKGGKTGTAKASSTKKVKMKKMVKARVVSDDVSASTKSAHSWGAVKAVVVARGKSGAASKKSKGVKGKSKRMKTKGGAAVDDSGHSAHVKGGKVSATGVDVKGTSYYKDDKRYWRSWGRVGTVGSKMSKDAHM
nuclear.fasta,Q11208,MDKVYSKSSRASKGKKAGRAAMVSAHDGKWHKRTSAGDRDRKKADTTVSAGGSKKGAKRSKGAKDGYAKSGRASRGKKDRRKTVDTVGMKYGGWHHVARGGWDTGGTKSDDKADVKKAVKDGVSSAKKAKKDDAASKTKKKSKRKRDKMSKDDMVAAMVKGDSKDVADTGATDKGRHKSGYGDTWTKTKKRKSKGYKYKKDVRKVRARYSTSTKSKKGDDGKVKRRYAAKRGVKDRSKGGTVSTKTKTTVVSTVRMSSRMKKAKTGHVDYAVGAGAYSSMSDWGTDATRTSKSSKSKSYTKSVKSMTKKDGAVDDSGDVAHVYVSRKKYVVGTDKKSYKSDMKRWVRSWGRGTTGGKDSVDAVKYKSGHRVKVAGRMYDDYADSKDSAHDKSKSVDKMDVD
nuclear.fasta,P31669,AKSGRASKKGDAKSGAMVSMDGKVHWHHYSWKRARVSGDYGYTRWDMKKATGGAAAGAGGDSKGGKGMTDAAYAKSRSAKGKKGRSKKSVDVRGMDRWYHDVSSRDSYSASKGTSADKDSKKKAVKGKRKADVDGHSAATKKKKKKKSKKKTWHKDKKVSTDKAKVSGTVDRVSDGMAGASGVKGDAYYTGDSAWTKVAKTTRKDWVTKHYKKKKRHDRAAATSAAKTVTGKTTKVGKSKKDVKTGGGKVAGSAHKASTKVKKMSKKMVKAAVRVVSDDKVSGKSVSGSSWGAKAVTKSSGVAGKSSGKVKKGSKSKKMKTVKGGAADDSDSHVTGGKSATGVDTRGTSYYKHDRDSRYWVRSWGRVGTVGSKKMSSKDAHYDKTGAWHSTKYKKYDYGDV
nuclear.fasta,P06401,MTKAKGRAHVAGGSVGSRAAGGSTSDTVSASDGRGDSDKTDSSDVGAYSRAATRGAGGSSSSKDSGDSVDTASGGSSAVTSSWGDAAATRVSMSRSGKVGDSSGTAAAHKVRGSARASSHWSGAVKSAAAVVDGSSSAGKGKRAGGAAAGGGAAAVGAAAGGVAVKDSRSARVAVDAMAGRSATTVMDHVHAAARTRDSYDGGAGAASAARSSASSTVAVGDDAYDAKDDAYYSDAKKGAASARSRSYVAGAAADGRATSRGAAVTAAASASVSSASSSGSTYKAGAGAKAGASGRDGSTSASAAAAGAAAYAGGGYAAVKGVYYYRDSASSYSSKGDASGHYGVTGSKVKRAMGHYAGRDVDKRRKARRKAGMVGGRKKKKVRVVRADAVAGVSASRTSG
nuclear.fasta,Q00175,MTAKDVHTSGASSHGSARDSGGSHSDVSSVVSSDGRSRGDGKTGDSSDVGASGVATHRGGRSRKDSRDSVDSTSGSHASAATSWGDRSVATKGSMSRKVGDSGTGRGKVKGSRTSGSAHWGAGVKSAAGVDSGTGSASKSKRAGTGGGGVAAASAAGGVTVKDSRSARVSDSAGRSATTVVDHVHAAARTRGSYDGGATAGRSSASTVRGDDTYGDKDVYGDTGKKGADAAVRSRYSAGASSSTDAAAASSRGAAVAGGSSAAVSASSSGSAYKAATGSAKAAASRDSAAGTAAAAYGGGYAAVKDSVYYYRDSASSYGDSKGDASGHYGVTGSKVKRAMGHYAGRDVDKRRKARRKAGMVGGRKKKKVRVMRTDGVASVGSASRTSVMSDVYAGHDTKDT
nuclear.fasta,P06186,MTKAKRAHVAGGASTVGSGRDGGSTSASSVVSASDGRGDGKTDSSDVGAGVAGAGDSSSRKDSGDSVDTASGGSHASATASWGDDRAAATKGVAMSRDKAGDSSGTAAAHKVRGSSRSSGSHWAVKSAAVVDDSSSGTVGKGRAGGTAAGGGAAVASGAAAGGVAVKDSRSARVSADAVAGRSATSVVDHVHAATRTRGSYDGGAAAASVRGSSASSTVAGGDDTYDAKDDAYGDAKKAAAAARSRTYVAGAAADAASRVSSRGAAVAASGSASVSSSSSSGSTYKAGAGAKGAGARDGSTSASGAAAGAAAYTGGGYAAVKGVYTYYRDSASSYSSKGDASGHYGVTGSKVKRAMGHYAGRDVDKRRKARRKAGMVGGRKKKKVRVMRADAVAVGSRTSS
nuclear.fasta,P29617,MSSAAAAAAGAAGGGASVSTASSSSSSTAAATHSTSSVSGASSASSTAAGGGSSAKMGRMKADATSGSDAMAAAMTATSAGSSTSKHSAASTMSGTASSGSAHSSSHSHGVSKGSRRVSASDRSAAAADVAGGSRAASVSSGGASSGHSHDVAHHMRGKKMDRTAMKHSKAATATTMSDDSMADKKSTASHGSSHSSRSGSGSGSHSSMASDGSRRKSSDSDSHGADDADDAATGRSSRATKKSVDDMDVGHSRGSDMDSASSHSDMMDKDDVDDDDDDVKTSGSGKKGMDKRARVVSGMRSSSGAAGVGKKRKYHAMRYVAAAAGGSMMDDSSSKRVKAKSRSMAMKYVSRMSDDDVDGSSDHSSTTGDGDVSHKTGRGSSSSSKKTSGSSDSGAMSMMS
nuclear.fasta,Q9U6A1,MSSAAAAAAGAAGGAYTTSSTSSSSTAATATTAAATTATASGSSGSRSASSSAAGGGSSGVKRAVRATAGGHWAASDAMAAAMTATSADAAGVSSTSKVTSGASSGSAHSSTTKGGSSRRVSSDRSDGAAAATTAATDAAGGSRAASVSSGGASTTKHDMAHHMRGKKMDRTAMHKHHSKTTTVVSSDSMKKSMASATAHSHGGSSSSSSHSHSSSASGSRRKSSDSDSMRRATATTVVTKKAVDDMDVGSGHGHSRSDSASSHSDMDSKDVDDDDDDDDDDDDDTKRSTSGSKKGMKRARVHVSSMRSSATAAGVGKKRKYHAMRYVAAAAGGSMMDDSSSKRVKAKSRSMAMKYVSRMSDHDMDSMHDDSHSTSKSTKSSRAGSSSYATRAAATMRSMM
nuclear.fasta,Q91018,MDHDSTASRTKRRRVDGVKRTVGTASAAKARATSAMGSDVYSVVHADGKVRKKRASYDAMMGATSKMKGGTSASGSSTGSVHDVSSSRDSSGRTMSDVDRDHRAKRARVRGMSHSRVARGRRSVSRSYRKRKWSVSARKKRRRKDMKRYYDSTDSDDGSDRMRSTVDAAGDSVGRSDMDGDRARARGKKRGKKDGSHGKHATKTAMSVVDTVVKVSSKSRVARAVGHHTARGDVDTSSVMGATDTDAVVRKSSDASAAGGHHASHSSATAGSTSSRHMAYSGASASGKRASSDTRTTSRTKMSSHHMHHSAHSAAGSSKSGDDMSSYSGSAMGSHKKAKMYTRYSSMKTYSDVKRTSKWSRYYMKYARADGVTSTSTRDYRAMHYKADVRVATRAAGKDVD
nuclear.fasta,Q9V9W8,MTHGMAYRGAGGDKTDSASKKRRKTSSAASAAAVAAAAAAAAAASMATDMGGGDTASDDSVSAMSSSAAAAMAAMMGGGGGGHGGGGGGHHWDRMGMGGGHMHHMHHHGGMGHHGHHMGGMRGMSMHHMGGGVGHMHGRGGGGGGVMGSMGGAGMGGMSMGGMGGSSHHMGMGGSMGGGGRAMGSMGGGSMSMGSMGGSGSGGGGTGGMGMGHSGGTGHGSHMGGGGGGGVGGGSAHGGGSGMGGGGGSGSTSASHSAAGRGVTSMSGSVSSVASSSVSATTTTSTATSMSTSVTSSAAMSHHSSAGSGMSGSSAGGSGMMGMAVMHHMGGGGHGGMGMGMMSHGHMMHHHHHHGGHMMGGGMHGGAGMHMGGGHMMGGHGAGHMGHGHMGGVGGGGGMGH
nuclear.fasta,P35600,MRGDSKRAKAKSAAGTSKAKRRKAVSSDDVVSTKKRKASKTASSDDVVAATAKKARGKASKKRHVDTGGTKRVVKKTKAVDDRSMVDDSKAAKKVHSTRSSSKRAKSSKKSTKSKATTRVKKKAADSSVTDRHRKRASAVYKYKRSSGSKKGSDSGTVVTGVSMRASVKYGGKVMTVVGKKKYVVGAGKKAVASDGDRKSGAKVKKKSKKHSSKGKKVKTSRRSSDKKKATKKYGKHDAKHKVKHTSKTKDKDVAVTKVKKSSKHSRTADKTDVVGMAWVDKHKTSKVGAGAASVTKMWSKWYVHDGKKRWAKDDGSYKAASGGGKTTTATVVKGDAVASDTRSKRKDVSTSKSSGYTGGAVSRKHVMDVDGMAGDRGGMAKDSSMDRHKRSVYYDRRRKG
nuclear.fasta,P35251,MDRKGVSGKKVSTVKKKTKSDTKAKKGKKVSSRKDDKKSKKKRYDSDSSTVKAKKKVSSKGKSRDVTYSTDDDMKKAASKSKGRSTSHGTSMKKTKTKKSKTTSVDYGTGSVRSKKMVASKRKSTDSGDAAKDDARHDARTAMDKTKKARKDTAGTSSVASKAKHKYHKVKTAVSDRKSYSRKSKYSSKSHSKSSADKGVSSKASSKAMKRKSSYKVASKRKAKKGTKTKKTKSSAKKSVSDSKKRTYAYRSYRGKAGSKKGAGVTGVSRDAKSRYGGKVTGVSKKTYVMGRDSGSKSDKAAAGTKDDGRTMGKKSKYAVTMKKSKRTKVGKRKSSKKSSKKSRTSKRDSAKTKKTDVWKSDKVATSGDSKARADDSSKVWVDKYKTSKTGGDSAKWRWKS
nuclear.fasta,P35601,MDRKGVSSGKKVTVKKTKASGTVKGKKGVKAKVSGKDASKKHSKKKRYDSDSSTVVKAKKKSKSSYKGKVSKDVTYVSTDDDDVKKAASKSKGVSTSYGTSVKKVKTKKSKTTSVDYGTSVRSGKKMVTSKRKSSTDSRDAAKDDARHDARTADKKKARKDSGSSSVDDSKAKKSKASTARKTYSAKHGKGRASDAKKSAHRKASSKASAKAMKAKSSYTAARRKSATKGKTTKKTKVSTKRSVSDSKKRTYAYRSYRGKAGSKKGAGTVTGVSRDAKSRYGGKVTGVSKKTYVMGRDSGSKSDKAAAGTKDDGDRTMGKRSKYMAAAMKKKSKRTKDGKRKSAKKSSKKKTKSMKAVKKASTRGDVKTHGRSSKWVDKYKASKGGDSAKRWRWHKSSKKH
nuclear.fasta,O43390,MAVGAVKMDTSSVTHTHYKTAGKVARDTGVAYVDDRADARGASVKSDSHVKSAGVMKTYRRKGSKVSTKGDAKKARTGYTDVTTGRKYGGDSVYSGVGGTVVGKRDYDVKAGWDRMMDSGRGYATGKAAAVKDSYRGKHGVSVARVGSKKTKSKVTGVDVYHDDKKKRGYDHKSAAARRRMSGKVKVWGVVTVWADVDVMAKVKVVRATTVTKSSGKRVKKKDYAVHDRGAAVKAMDMGKGVAKDKKRKRAARASRSTAYDYYYHRMRGRGRGGGRGGYGYDYYGYDYYDDYYGYDYHDYRGGYDYYGYDDGYAVRGRGGGRGGRGARGRGARGRAGYSRGAGRGSRGGRGGARGRGSRGSRGRGGVGGKRKADGYDSKRRTWGSAGGDYSGYGYDYDTYG
nuclear.fasta,Q9W2Q1,MSGSGGVASSSTAAATAATHVGGGHKKRHGVRDAKMVKKHHYAAHATVSTDSDVKDARKYGSGGTTRHTDAGKRGAAGSGRTVSDGSVDSGDDDATDRGMTTRSMDHMASMHAKGGAYGTGGVATHHGMGGAGHATHAGHGHTHHGHAGYHAGGGGHGYGHAAGYSMHMVATGAGAASSGSHHAAAAAHSKYAKSSTGAGGAYMSTAVASYDRSMSSASDDDDDAAKDVTSTSRGAAKRKSAGVDDKAGGGYGRRSMVHHSHHHGHDRSGGGSSGDHGRADSDSVGSASSDTSSGKTSGSDDGDDAKKKHRRRTTTTYHRAKSHYDVYSRAMKVVRVVWRRAKWRRKSSRGTHTHRGGASGVDWSSAGSHTVYSYTSAGTMSSAAMGHHHAHGHVGHGGHG
nuclear.fasta,Q96T21,MASGRSGKSADVKVRAGVAWSSAVSSAATYYVVTKYTDMAGASTYSSTHYAYSYTDSTVYSVGSYYSYRGTVKHRTMKAKKKTYDKKTYDKDSRADGTSSKSARGSHHSYASKSDGYHKRTDRKSRAKVSTSKTTDGAMSKKWGVHSVSTDSRVVKAAVSKGVVKSVTAAATSSTRSWTMGYVVRTSTSAAKVTSMKTASSADKVSSSASSDSYKKHHTKSKASGSDASRKKKKKKSTSKYVTVRDAAVASRRDRTKSKDKVKKSVDGGMTAKKHSHAKSSKVVVSVGAVVSKASGRGRRMSMKTHDSSAMKKGKRKAKKTSKKKRRKRAVSATSDDTDGSGGDDASGGMDSTSVDKSGTRDTASHAHTTKHSRRRDYSMSKVDAVTDKVRDRMYKDVKAK
nuclear.fasta,Q9QX72,MASRRGDSKSADVKVKAGVAWSSSAVGAATYYVSAAKMYDMAGAAAYVSSAHAYTYASTSVSVTYDYSAHGRAKRHAAKVKKKSSDRRAWKSSRRADGAVARARGSHKSDGYHKRDRKSRTKSASTSKSRDSKSTKRWGGAASMSGAGKVADMVGKMVKTDHTDGAVTAATSSSTRSWTMGYVRTVSSDSAAATTVSKKTTSSADAKVSVTSASSDSSRKRVHGKAKASGSSSKKKKKKKSKSSYVVRDASVASRRHRGSKSKADKTGGKKSVVDGGMAAKHAHAKSSRVVSVGAVVSKDASSGRGRRSSVKTHDSSAMKKGKRKAKKTSKKKRRMRSAVSTVASDDSDVSGVTSDTGKTMSSTVVGSAGTRDAADSATKHSRRRDYSMSKVDAVTGKVRD
nuclear.fasta,Q15431,MKKAVRSSSSVSAVKTGGDSTKSKTDDAKTSKGDSDAKVVVGSDHYGKDSDSGSRVSKYKAKKKWKVSTARKSKRKARKAGKVSKGKDKATRHKTARSAKTKKYYRTRVYMDKMTAHGRVASRMHKKDYKHYKKDKKVSTKKMKDTSRDKVKTKSKSKHHTKDKVSRSVSTKADATKTTKTMSKARAAHSVVTTTVSRTRKDKTMKKSSMTKTKVKKVGKTYKKAKGTGARKVHDTATTSYYSKVKDKTKKTTSHKSKTTSDMTKDKKRMKTTRYVRKKRDVKKDKSRKVKKYKAKKKGTASKVYKVKSAKKGTDTYKDKKSVKAKVADAVKKDKRHKAMVAMKHKHYDKRDSGYKSKSSRASSKASVKKRKKKRAKTATKKKDKKTTTYWKDSKAVSTVS
nuclear.fasta,Q60563,VKKVSKKDKATRHKTSARSAKTKYYRTRVYVDKMARVAARDMHKKDHKHYKKVDKVSRTKKMKDTSRDKVDKTKDVKKKKDHTSDTKMSRSMTKADATKTYTKAMKAKTDHSMVTKATTTRTRVKDKTMKKSDMTKKVKKKADKDKKVKAGKTTRKVHDVTKSDYSKVKTKKKATASGKSKTTDMAKKYDTSKKRMKKTHRDSVRKGVKKDKSARSVKKKMKKRKAKSKYHKAKKKSSASKAYKVKSAKKMTDYKVKKSKGVKAKAMVDAVKKDRHKAMVAMKHKHYDKVRDSGKRSVKTATSRVSKKRKKKKTAKDKKDKKTSSATTKDSKTTSSRSSSMSGKTKDRDRTSAKSTAVKYTVKTTKMMYRKYTGRSKKRKTVDVSDSSTTDSMVSSRYSSH
nuclear.fasta,Q62209,MKKTVRSSSVSAVKTAGGDSYKTVKTGDGVTMSSRDKDAKSMVASGSHYGVDSDSMSRYSKYKAKKKWKVSSKKKRKARKAKVSKKDKATHWKTARSAKTKYYRTRVYVDSKMARVAARMHKKDHKHYKVKVSSAKKMKDTSRDKAKTKDKSKKDHTSDKMSMRSMSTKADATKTSTVKAMKAKTTHSVVTKATTTRTRKDKTVKKSMTKKKVKADKDKKVKAKTTRKVHDVTVTKTSHYKVMKTKKKTTASDMKKVASDMAKKHDKKRKKMHRDSVRKGDVKKDKSARSVKKKMKSKKKVKSKHKTKKKSSAKAYKVSKSTKRMTYKKKSGKGVKAKATVDAVKKDRHKAMVAMKHKHYDKVRDSGYKRSSAKATSRVSKKKKKKMAKTAKDKKDKKASS
nuclear.fasta,Q09353,MSRRSDSDKDSSRKRHWTDAVTKSTKRTRKTKSGGGTGMVSSSGKKTVSGVVDDVGTTRRVAKKYMDAVRAAGSVKHVKVRDKVGDVTSSSKSKKSVDDDVKVVKTKARRDDTDDVSVSDSRSKSTDDSVSRTSSSSYTSVRDYWRRSAKKVRRVVRHKHSTSVRKMTDKKKHSSRDRGVVASGYAKASGVKKKKMRTSSTDARAKKAGGSRSTSSRSDSSTSSSYRHARSSSSDSYRKDSSGGSAYRGRYSYSKKDKARRGHRSTRGDRDVRKRGARKVKKKVDDMADAADAVRAWSGGVDASKKDATSGHWDYDRSGDSKYKYATYSVSKGYASVKRWTRKVDADVVVHGMHWMAVDMGKKYDSYDGTAVARGYASDKKKTAMSGWTMTDRGSDGVSGW
nuclear.fasta,P38935,MASAAVSVTKDRDAVRRSWSKSRGVKVSSRTGYGRVTRRYGSAAASSTSGDVGYDAAGSATGTRVTKSVTVADSHDSDRSYRKADVTYRRKKAAKKYHSGASSVGRSASASHTTDTSKAVSASKAHGGTGKTTTVVAVKGKVASAVDVRAKRRGHARSVHSDAVARSDSAVADRKDDVVKKKTDKRKSRKRKKRAAMSTSAVVATTGASADGKSYDVVVDAAASWKARKAGDHKTTVSHKAAAGSSMRAYGARVVRTTVYRMHAMRWASDTMYGVTAHSSVARHRDGVAATTGVVDTAGGDSKGGVRVSHAVDAGVARDAVVSYVDRSVHRHKSVDGGRKAVSVRSRKGVGADRRVAVTRARRHVAVDSRTVHAKTVYTHGVRTAYDDVYSHSGSSHAATK
nuclear.fasta,Q60560,MASTVSVARDAVRRSWHSSKSRGVKVSSTGYGRVTRKGVVVSSTSGDVGYDASSATGVTRTKSVTVADSHDDRTYRKADVTYKRKKAMTKKYHSGASSDVGGSSSTTTYTADSKAVSAAKVAHGGTGKTTTVVAVKGKASVAVDVRAKKRRGHARSAHSDAVARSDAVADRKDDVGKKKTDKRKSRKRKKRAAVSTAADVVATTGASSDGKHDVVVVDAAASWKAKAGDHRTTSHKAAAGSRSMRVKHGAGAVRMTVYRMHATRWASAMYHGTAHSVAGHKDGVADTTSVDTAGGDDSSKGGVRVTHAVDAGVHAGDAVAYVDRSSKHKSVDGGRKAVTVRSRKGVGADRRVAVTRARRHVAVDSRTVHAKTVDYTHGVRTAYDDVYTHGSGHSHAKRGVT
nuclear.fasta,P40694,MASSTVSVARDAVRRSWHSSRSRGVKVSSRTGYGRVTRKGAVVSSTSGDVGYDTSATGVTRTKSVTVADSHDDRTYRKADVTYKRKKAMTKKYHSGASSDGSSTSAMSYTTDSKAVSAAKAHGGTGKTTTVVAVKGKVASAVDVRAKKRRGHARSVHHSDAVARSDAVADRRDDVGKKKTDKRKGRSKRKKRAAVSTAADVVATTGASSDGKDYDVVVVDAAASWKAKAGDHRTTVSHRAAAGSRSMRAKHGAGVVRMTVYRMHAMWASAMYHGTSHSVAGHKDGVTDTTRVDTAGGDSSKGGVRVTHAVDAGVAGDAVAYVDRSSKHKSVDGGRKAVTVRSRKGVGADRRVAVTRARRHVAVDSHTVHATVDYTHGVRTAYDDVYTHGSGHSRVKKSTSR
nuclear.fasta,P23497,MAGGGGDSTRRSVAMHAHSHDRMTDGVDDRYDVKHKRKVSAKKTGRDRDTKMDSDSRVVRVVYVSKTVASDVMYDHYKGVHDKSRRSGSGTGSRSTWSGSSHAGTTGSHTAKRKDTTSDKDDSGSTAKATSAVVGDAGRMDSAHHGSSVRVDKKKSSKVAARTHHASDVSSDSGSTDVDVSARSVDSDKGATSRVMDRKSTRSKKRVGDHDSSSAAASSGARSKHGKAMTSRSTSTWRSRKRRSSSDSDSGTSSSRRGSGSKKSVMKGVRSARTSSASDMMDTMDVSTKHSGKRRKKRRHRSKVGRGRKKDRRKHTKVKKRWRGRKATRKRRRKRGRKDKSVTGVKGTYKRKGTSKKSDKKWTRGDRGASKWKSRGGYTKVMKSTRKKRSHTVDHKKKDAS
nuclear.fasta,Q9HB58,MTMTRAMAHMHKGAYAHKGDSTKRMYMSARVSRVVHTRTSVTSRYVTYRSKRVGASYRSRDTATGAGSSHTAHHKSSARVSGTSSSTSSSSDVAGRSTSVTDKTSKMADSMSTSTVVASDRDKDMHSGSMRDSDVSSTSDKKGKKRKRWSTKRRHKKKSRGTASSRHGKKKRVDVKKDDSTSTVTRAKARTARKSRSDGTSMGKRSKTSTRRVTGAASGHGKVVDKVTRKDDSTWSVMMRVKARTKARKSRSKKKKKDSSSKRRKHRRGKKSDTVDHSKVTGAKGYKKKMKHGSSVKRDGTWTVGKGRAKWKRRGMTGKRKSDVGGGTRVHDHVAKRMWSTRMKRSSGSHHVSKTRMDRDYGAMWDVKRTMYTVAWVRDMRMRHKTYKASDGVGDAKDKDV
nuclear.fasta,Q9NZQ3,MYRAYARSAAAAAGTVRSSAHWWAARARSGTGYVAYRRGDVADRAAVHTAMRDGGKYSRGVKHHRKTSRRGSASSVAVMTSSTSDHHDAAAARGVRAGRHSSSHGADGGYSSRRAATTVKRRDRAMASGSGGHTMSGGSVSSGSSVSSTSDTYTSSSSGSSSTVRRGTHTTVSVSKASAAVATGTTSASDDAGTSGTTKAAAAAVRTGAMVRRTGSHRVAGVGHASVASSVMVSVGKDSMASGVHDRVADARRKDDARSWAYDGVRYHTDADVKKMKRSVAVAYYMHRASRKGAMSDAASTVSSVVARDMTDTDHKYSAAMVSMGAVYAHYHGTAVDGDTTDVAHAADVMAASKHAVKSKRGDDVRKHHSVKDVGSATAAYHTDMMADTVRHADSGDKRMY
nuclear.fasta,Q9ESJ4,MYRAYARSGAAMAAAGTVRSSTHWWAARARSGTGYVAYHRGMDVADRAAVHTAMRDGGKYSRGVKHHRKTSRRGTSASSATVMTSTSDHHDAAVSRGVRTGRHSSSHGTDGAYVRRAATTVKRRDRAVSGSGGRTASGGSSVSSGSSASSTSMDTYTGSSSGSSTVRRGTSSRHHSRRRWRTMTWKRMTTTKAAATVVRTGAMVRRTGSHRVAASWWVTSRSTYHGAGAGRRGHSTRVHDRVADARRKDDARRAYDDVRYHTDADVKKMKRSDSVAVAYYMHRASRKGAMSDAASTVSSVVARDMTDTDHKYSAVAMVSMGAVYAHYHGTASVDGMDTTDMAHTAVMAASRHTVKSKRGDDVRRHHSVKDVSSSATAAYHTDMMADTVRADSGDTHGVDAG
nuclear.fasta,Q9H4L7,MDRRKRKAATSGSSSSAAGVSRATDSDTKTDSSVTDRKASSYKRGYDSSDSDVVSSTVKTKDTVVSSDSGTMARRDDSDSDKDAKTKRSDDKSTSTMDGAAAAMGDAGGGRKRKSSSSYDDDSKKTRDHGSSASSSWKSVKKDKRVKHWMYTASKVADDMYASSVGKVSSRSYKATKTKKKSMKAGKKRKKVKRVVDSYDSGSDVGSSDDYSSGVMDGYKGKHDASGTSKKAKTRSWATKMSKTGSDWHKTRDVVRMKDSKTKVTMTGGGGWSSSKYKVGWAVHKHGGADMGGKTAAAYYGGHVVASTDWRVWTKVYYGSRKRHSRYDYVVTTYASSSDDRSRRKYADGHMKMGSRYHMTARTGTVMSVMHMSSSTSRRMSSKTKSADSYKRAHAKKRRVK
nuclear.fasta,O14981,MAVSRDRDTGTTVTRKAAAGVVKHHSKVYRSAWDTRAAGAVAVKVWVRTRTSSSMDSTTRDRDRHGASGSAGAVDKSGVDKRARRKKKGMGAGMSTDDDYTTSASVKTAADSRAGMSRKKAKRMAKAKRSRDAVTKSDSTDGKRRKAVVSADSKVDDSSSTWSDSWVRHGAGTGRKAHGKSGGKMGDSTMHWDVRVADRGDVSDVVAVRTATGVVKHMTGVHKTVDVKTWVRHGGGKYAAVRDVTKVTRGDDDDVRAVAAASVVVSVYTKVTWDADDTASTSMTSSTYVSSTVVRVWHHTSSVRRAATTSTDSSSWDMRHVSSDHKVWMSKASVYVVAAAWMGAWMMSHDMVKARAKKTGGKVRGSKVYAGADTMDATRDVVMRARMMAAKGADGVVVTKA
nuclear.fasta,P51123,MMSDSDDGSGGDTGGDSGRDDDGGRGGTGDARGSSKGDSMVDKASDDDARSAVSASGMSADAKAGVKRDGAVKADDADYSDTSDRTTSTYDDDAASKVAKTKDDKMSAMRSGSGGGAKSDASSSDDSKSTDSKDADRKDTADSKYVDVRDRKVRSRGGKTSWRHVRKRRRKRSRDKTTTGGSDSSDTRKRGSHYAATAMSDDDKGDSDVRGDGSDKKVADWRGAWYDMVDSGGYGKTKAASTSSKDRRVKSDDVDSADDAMVSHWDDVVWDGDKAKVKSKTAAGWSSGSRTAGASGKSMVGSGSSKGSGASSKKAAAKAADDTWYSVYYKWDVWDAVSKVKKVTDDGDDDSKKSTGKKHHVKKSKGKAGVVADTKSDRDSDTYYTKTTRKVGGHSTVVRAV
nuclear.fasta,P21675,MGGDRTAATTAAAMSDTDSDDSAGGGSAGGGAGGSVDDKKHAGGAGGSTTATGTDGAVDGWVRSTDAVDYSDVADSRRYTMGSHSDYDDDYDADDDKMGMKKDKDDSTGKVDSSSSDSSMGATASDGKTAGMHDATKSVTRGKVRRGGKVSVWRSARRKRKKKHRVSVSVSKSWYDYASDDTMMAVSKSSTGDDKVTDTKRVAWRYGARWYDMGVDGSGDYGKRKTHVKSRMRKGTDADMVTHWDDWDGDVKHKGTKRASAGWSSMTRAMAYVGAATDDDKWYSDDVYGRWDWDAAMRVTDDDKATSSSKSKKSSKKSRGKTGVKMSVKDWSDYYYKGRGTGGHSAVRTHMGKRHRKKYSGASGHSVKHKKKAKMRRASGGGMMRTDTGKDGDAYSGMMVG
nuclear.fasta,O15164,MVAVKAVAAAAAASAAASGGSAASGASRGDSRGGAARDTAVHSRAKHSRARYMAMGSATVAGSVSGSSATVGVRVSARHDVKDTTVSSTVKSVTSDAAGVVWKTRAHRVKTKDHTVRKVSAVGVTSRVHKKKYTDKTRDHKHRYAKVDTTKMKTKYKTGRVKVDKVATMVKKGKAHSAKDHRMKMVAGSKHVMHSKWAVSSGSSTAYSKRTYRRHRARDASVTTHDSWAGSVDKSMKVVSSGSSSKTSARHMVMARVRRAVGRMGSSHRHSKGVHRYRAKMAAAKWSSGGTSTTSTSSTSSTTSAAGYDGKAGSMDSSVGGSYSDDSSTMDVRKDTDHGRSRTVSSSVSGAGVTMTSVHRSSASSVGSRGSSGSSSKAGADSTHKVVVMRKSGYDVVVKSD
nuclear.fasta,Q9UGU0,MSRSSYHGSYVHGSSRSRAMGGTGGSSGSSGSGSGGGRRGAAAAAAAMASTSGHGYGRKAGDYYMAGKDVTTGTRRSGVSYGRGSSGYGSGHVGAHSGGGVSHYDYTGSGSAYASSVRYSHATGKASSSSHMRSTSSAAGYRVGGHYSSASSSSSSSSRSSGSYDGSYVAGSYGHVGSAAYGTSYSYSMKAKGTGHSHVMYTAATKSVGYVVRSMHSSSAASVVSSSSTSMTGGGSVMGSRRMSTSMMSSHAAGKGGGVKRTDGSSSASTVATVHMSDATKKTSKRSSSKKADSTSGSSKSMASDGGSSSSDGRVRSGSTSSDTTYKGGASKAGSSAGARASAARATSGAKDMSSDGKVKTVGVVSRAMTGRVKGGDKGSDDAATRSGGAKTSHASGGGGS
nuclear.fasta,P15923,MRMAVGTDKSDDSMMVTGKGRASAGAGGSGDRSSGSWGSGDSSSSDSRTSGTHTSHSSSSSTGGGGKSGRGAYASGRDAGVGGTAGSGASGSSGMKGTSYYSYSGSSRRRAADGSDTKKVRKVGSSVYSSGDYGRDATAYSAKTSSTYAYVADGSHSAWSGAGGMGGGSSGSGVGSSGSSSTGGHHRMGYHGAVGGSASSSSAGATYGGVSSHTVSGADSGSRGTTAGSSGDAGKAASYSDHSSSSSSTVGSGAGTSWRAGAGASSYDGGHGSKDHDAHVRSHAVGTAGDMHTGHGAASGTGMSGGRHAGVGGSHDGAGSTSMHHAASGTDSRDSYSGGRAGATAAASKRKDTSAADHSKKKARARTSDDDDKARKRRVAARRRVRDAKGRMHSKTKHAVS
nuclear.fasta,P98180,MMSRMAVGSDKSDDSMMVAGKGRASAGTAGSGDRSSGSWGSDSSSDSRTYSGAHSSHSSSTGGGGKSSRSAYATGRDTSVSATAGGGSSGSSGVKSGSYYSYSRRRAADSGDTSKKVRKVGSSVYSSSGDSYGRDAAAYSAKTGSAYSYVADGSHSAWSSAGGMGDGSSAGSSSVGSGTGGRMSYHGSVGTAVSSSAAGTYGGASGHTVSGADSMGTRGTTASSSGDAGKAASYSDHSSSSSTVGSGGTSWRAGASASTYDGGHGSKMDRDAHVRSHAVGTASDHGGHGATTSGVGGRHAGVGGGHDGTSGTSHTHASSASSDSRDSYGGGRAGAAGASKRKDDSTSVADADKKDKARTRTSDDDDKARKRRVAARRRVRDAKGRMHSSKTKHAVAVSVRR
nuclear.fasta,Q01978,MRMTAVGTDKSDDSMMVAGKTRTTASTGGGSGRTGSAWGTDHGSTDGRGYGDGTHYGHRSHGSAASGVGKDRYSTGRDSGMTMTGSGDAMSSASAGKAGSYYTYSRRRGDSDAKKVRKVGSSVYASGDYGDRGSYASTKTSVYGAYMADGHSSDWASSGGGGGYSSVSSSSVSTTGSSHHRMGMHSGVSVTSSSSTAYGVSSHTSTGDTGRGTATGSSGDAGKAASYSDHSSTSSTSTVGSGTGSGWRAGGASSYDGTHTKMDRDAHVRSHAVGTGAGGHDDHSSATASVGSGAAVSARHSMSHTASASMHSVTVAGSDTRDSYSGGGRAGRVDKRSKDRSVADSDDKKSKRSRTRSSDDDDDDKARKRRVAARRRVKDAKGRMHSKTKHAVSVSVRRKAA
nuclear.fasta,Q8NI27,MVSDTVKRDTSGKSKSVKKTKYKKRGYAKAGDSGSTSDKSGDRVDVVRHDDSSYMSMTHGKKYGTSSYRVAAVDDDYVHADMDHKRAAKVRKTMVVSSKMDRKKKKVKDKGAKGDWHAMDMYYAASHKAAKHTYRRVGVKGAKGSVAKRAKASDRRDVMYGHSHDAKVVRGKSMKSDGSKDKKTVSSTDVSSMDAMSWGMKTYHRYRYGWKTYSHVKVKATDRAKYMKRTKVKSGRGKSHSTDYSKYDTVVDSKYTSYDVAYAAKRMKHDDTTSSWSASGAVRKYDAGYVAKAGKSDKVVKMAGTMTMAMTGGKAGGYGRTKKSSRKDADHDAMARGVGGKHKVGKYDHDTVGGASSTDYKRVSDVHTHDAASRMYAHHSSKYDKKSKGSKHKVHKYTSMV
nuclear.fasta,P49021,MSRVRHHWDKVKSVMDWATYSASSGGDTYVVAAYKTYDTRTRRAGGVRSDAKDDAVSVRVTVVSVDVMYRTDVGRHTKYTSKATARSTKSVVYMKHSDKSHKDRHTHAHVMMMSMHGSMTWSDKYMTRAWGVTMVAYKDHVSTKSWASSSSDSTSKGSGDSSMTSDTSDSSDGSGRGMGGGMRGTAATVSRKGYAMARVADKDGSASDMTGDSGSSAGSMDDGDYDRHRHGDDDVYGASTADKVTTTSSAGGKVRASTSAHAMKSSYASHVSAVKGKSHAGTKGKKRSSSSDGYGTVSSTSSDDDGGKHKTKRKRTMSMDKKRRKKVKRSKSSMKGVHTTDDDSKTVDKGYSYVHMSAKVDTSHWVTYKAADMHDTTYDVSYTYGVSARGSDKYRRMHVVT
nuclear.fasta,O17482,MDWATSVSSGSVGGTYVVSAAHKTYDTRTRRAGGVRVDAKDDAVSVRVTVVSVDMYRTVGRHTKYSKATDKSTKSVVYMKHSDKSHKDRHTHAHMRGSGHVSMTWSDKYMTRSWGVTMVAYKDHVSTKWASSSSDDSTTKASGDSSMTSDTSDSSDGSGGKKSRRARGTDATHVSRKGHYAMASSAAYGSAWSDMYKMTAVSSADVYTTAYARTTSTDTKTTSKHGKARRTSASDYASSAVKGKSHAGKGKKRSSSHSDGYGTMSSTSSDDDGGKHKSSKHRSKRAVDTKDRRKKVKRSKSSMKGVHTDDDSKTVDKGYYVHSSAKMDTSHWVTKAADMHDTTDVSTYGVSARGADRYRRMHVVTARAAYKVTHSDDRYRRSATTDRVRRSHSKYDVVTHD
nuclear.fasta,Q04724,MSRHTHAAGKTSDRKAYHSKKASKTMRHYVMYYMSYGMHKTAKRTAVSHVAAVRAKVTMAAGAHSHGHGVTHSGGGGSAGASSASGSHAKDDKKHHDAHHRDRGTSSVDSRGTDKRRGSDKKRKVDDKDSSHYDSDGDKSDDVVDVSDSSRASAHSRGDKRKKDASSSASTASSASSTSKSKMSHKASTVKSSTTRSDMTGTSATGRGGKADVAAAGRTAVGYAGMVHAGMGTSGAAYASHMSMSAAAAAAAVVAYGRSMVGDHMRVTAGGGKAYSHVTADGMVDAGGRHARTHGVVAVTSTRHVYTGGKGVKVWDSHGKSVSDRDYRSKDGTVGGASTSWDAATRKATSSAAYAASDSKVSSDGAVWDHTVRGHTDGASDSDGTKWTGGDTVRSWDRGRH
nuclear.fasta,O13166,MYGRHATGGKTVASDRKDAYHSKVYKAKTMRHYMYYMSYGMHKTAKRAAMSHVAAVRAKVTMTAGVRGTAHSHTHGVATHSGGVTGSGSGAGAGSHAKDKHHDHRSTSSSDSRTTSKHRGSSDYSDSKKRKVDKDSMSRYDSDGDKSDDVVDVSDATRGSAHSGDKRAKKDTRRASVASSGSTSSKTKHDKSSTGKSKATRDATGTSTTGRGKMAAAARTTTAMMSHHMGSTGVYAGHSMSAAAAAAYGRSMAGHMRAGASTSSGGKAYSHVSADGMVDAGGRHARTSHGVVAVTSTRHVYTGGKGVKWDSGSKSVSDRDYRSKDGRTVGGASTTWDASTRKATSSAAYAASDAKVSSDGAVWDHTVRGHTDGASDSHDGTKWTGGDTVRSWDRGRHDASS
nuclear.fasta,Q04725,MYGRHTSGKSDRKAYHSKKASKTMRHYVMYYMSYGMHKAVKRSGATHVAVRAKVTVGSGSHHAVTRAGVGGSATGASGAAAAAAAVKDRAGVAGSRVRASRSASSSVRSGGGGGKRADKSGYSDDKSDYVVDDSSATTGKVARRDVDSASASSGSRAKDASTASKSDSSDASTGSSASHAAKASTDSVARSTSSTTSSGSHSTGDSVSSYVSHSVSSSVVYGRSVMASHHRGSSVSSSSGGKAYSHVSADGMVSDAVGAGRHARHTAHGVVAVTSGSTHVYTGGKGVKVWDVGGAKTVADRDYRSKDGRSVGGASTSWDAATRKATSSAAYAAVSDAKVSSDGVVWDTMVRGHTDGASDSDYGTRWTGGDTVRWDRGRHDSSSGHDWAVGMSSVHVRKKYH
nuclear.fasta,Q04726,MYGRHAHGGKTVASDRKDAYHSKVYDKAKTMRHYVMYYMSYGMHKTAKRTAMSHVAAVRAKVTMTAGAHSHATHGVHSGGVTGSSSGAGAGSAHTVKDKHHDHRRSSASVSSSRASKHRGSADYSMAKKRKAKDSSRYDSDGDKSDDVVDVSDATRVSAHSGDKARSKKDATSASVASSSSTSSKTKDGHDKSSTGKSTTRDATGTSTTGRSMGKGMDGMASARTSTSSYAAAMMSHHMGSTSGAYAGHMSAAAAAAAAAYGRSMVSGAVGDHMRATGSSASGGKAYSHVSADGMVHDAAGGRHARTSHGVVAVTSTRHVYTGGKGVKWDSGSKSSDRDYRSKDGRTVGGASTTWDASTRKATSSAAYAASDAKVSSDGAVWDHTVRGHTDGASDSHDGTK
nuclear.fasta,Q9PU53,MAAKRSRAAMKTSTRSDDRAVRWVYHAVAAYRAGRRDRRDVMAVRRAVAMRVMSRGDTDKTTSAGAKSVKKHKVKAAVVKKSKAAVKRHMKDTGKKRTTRKRAHRDSYVYMKTYVDTSVTMMKSSRAKRSSVTSSRTDAYRRVKHSVGTRRATAGGVAGASMAKDTGAHVGTVKDAVRAASTDSGTRATARDVMGASSMTKDGAKTTARDVVRASASTKDVGTGHATARDVARASATTKGAADTVKTVRASARRKDVRAKRATARDVVRASARVKDTAGASMKSASYTASRAAVKSSKVSVVSAAAAVHAGVSSRDRTRTVTTYGSVRAKMSSDSDAKDTDSMSSVSHRTKRRKKGSTDSHKSKRTSKMMDGSSKSSSDSSRVVSSAYRVDVSTKRSSRWS
nuclear.fasta,Q24119,MYAAVAMDYAGYRTGHGSHMATMGSGMAVTHSWMVTDAMYKMTGHGAGMHAGRKKSRDAARSRRGKYYAKMAATSDKASRTSYKRDSGHGDWTRASSSSKKSAARRSAVDHGTHSDGAAVAADGRYSTVSYGSVMTGSSDYHADHSADGSTSGGGGGGGSSSSGGGGGGAGGGMASTSGASDDGSGTHGTDVAASMTASTSGYKGYDRSVRMKSTTKRGHKSSGYRASDATSGASAKVKGSYSVVKRYTSHSRKSGMVAAASVHRDMVTRVDRVAHRVSDDYSDVKSYSHADARRKSHSDKGVTGYYRMKSGGYTWTATVVSTKADVYVSRMDSDSKHGGDKSSGSGGDASGGSHSAGDMKSKTDSGHSHRGRGRSAAASHGSSMSTMKDSTGVDSGVTTV
nuclear.fasta,P35123,MAGRGSRRDVTKTGAMGTTRGAWYDSRWKWKKYVGDSWDMYVGHGDSGSDSTKHDDYVVAAWKWYGVGVRKVVDDGVKHKVVYKSDTVSHSKADTATKMRKARTRWKYMSTYSKDTDAGYGVVDGTWRSSKSSTASRTTSSKSASYSVSASAGDSTSSGMHSSGVSRGGSGSASYASHGGGGTMSASTATYKDYARDGMKGAAYAKMWSGRDTHVARMKTVGRASGYDSADGHDRVKKKYKDAGRDAVVAKAWHRRDSVVDTHGKSTVAKVSVTDYTKKDRMVVADRYRVTVMGASDASKSGAAMVVTDVYHRHKMDGSHTRDDVYVTSMDGSTVYRKKSRSSASSGAVYGVSVKHKTSYAVDRSRYKDSSGAGSRSSYGDMDHGKSVGSGDDGDDHSSAK
nuclear.fasta,Q02870,MGKKSRKDRSGGDKGKKRRADATVDDDSDATSGGAASKATDTDYGAKDYRSMRDHGRWVAGHVSSVYKHAHDASVRHHYKTAYSYAAVSVGTHDVYKRSKTSGRTSYGKVKVKHKYSHVKKDVKRRSGDGTDGKATGTKGATDKTADAAAAGAVVAADGTTAVDTDYKDKDDAKTVSVAKVKRHAYDRDTDDKAAVRYKSRKMGGRARSGVVGAGKSVGVTATVRKRAVSGVSVWKKMWSTADDSMRTSAKDKMGGVTTYSMTHTKRSWATMRWWGMVDVHTAKMRRVTVSHKGTATRDDKADGKYAWKKGYARVAVWMSYRYTTKTSKKMYVMSKRSKYHRGDKTVSDVAKHYAKMKYGTSRKSKVTVSKVADTSDAVSSHGGSRRARGRRAKKGAAYAY
nuclear.fasta,P19447,MGKRDRADRDKKKSRKRHYDDDDAGDAVSAAGKVDSGTKVDYGAKDYRMKDDHTSRWVADGHASVYKYADVAAVRTHVHYKTAYSYAAVSVGTSDTYRKSKTGVDGMKTVSYGKVKVKHRYVSHDVHDVRRRSGATTTTSKSASKTASSGGSTSRVTDGKSDMDDYMDKDTTVSVKMKRHYAYDRDSVDDKTAVRYKSRKMGGRARSGVVGAGKSVGVTAATVRKRVGSAVSVWKAKMWSTDDSRTSDAKDKGSVASTYSMGHTTKRSWARVMWKTWGMDVHTAKMRRVTVAHKGTATVRDDKVDGKYAWMGYAKVAVWMSYRYVAKTKKRYTMKRAKHRRDKVADVAKYARKYYGTSGRMKHKTSKVGDTSDAVSSHGGSRRARGRVRAKKGMVAYAYSV
nuclear.fasta,Q24595,MSDDSVSGSASDWKSKDVKGGSSDDDDSDDAGGAAGSSGRSSAVAGKRGDHKASGKGSSVKKRKTGSRSKYKYRKTTSSTRASGSKAKTSGARHDADSSSSSVDYVADDHSTAGGKKSADAGTSDSGSDSSDKAGADRGASRTRDASKRVTATRSAATMDVAAGYSVVRGRKKAGRGAAATDSRSKTKSTRKRHTKTRVSTVVAAGDTDDSDVADADSSDDDGTSGDRVGGRTKKTHMAKRRRDKDRHKVSMARSKYRSSDSMATKSRAYTRGTKYSVTWKTSKSYSASATKAAVKRKARKDMAARGMGMHRVMRAASDKRDDKKSTVSRSDKKKDKKAGKAKSSKSTSKAKKAKKAAKSKSTTKGSTTKSGTVKVKKSSSKVKSKHKAHTSSKSDTSDKS
nuclear.fasta,Q01831,ARKRAAGGRGRRSKSKAKSKARRDADKKKSSKVSGKRKRGSHGGSADGAKKKVAKVTVKSKVKDASDGDDRDSDKKAHHKRGATMDSSDWVSVGDVRSTASRSVKVTAKTRRSKKTYRRAMKRKGVHDTHKVHAGYRSDHAGSARTRVRDVDTYYSVKWGTTVASASDTTRRAYSARDDVHRATRVSKSATAKGKKSKRTADGGSSTSSVHTKKTSKGTKTAKGTRSAKGKRKGGRKKRSKSSSDGGDKKATRRHGRRRVASRVSYKSGSDAGSGSDSSGASDSDDSGKRKAARTKAGSKSASRTHRGSHRKDSVASSSSSSSKRGKKMSDGKAKRSAGDWVKWVVDVHGVVGTYKYATKMTYVVGDSDGWVRDVTRYDVWMTVTRKRVDAWWATRYSMDR
nuclear.fasta,P18074,MKVDGVYYDYYSYMRKRTDAKGHGVMSGTGKTVSAMAYRAYVTKYSRTVKVRKYKGKGASSRKHVTRGKDVDGKHSTASYVRAYHDTSHRYDAHGRVAGYDDKAGRRGWYARYSHAVVVYSYHYDKADVSKARKAVVVDAHDVDSMSVTRRTDRGTKTVRKTDRRDYRRVGRASAARTDAHAVDVAVGSRTAHGRRYVKWRRVHVVSASGARVRKRARRSHTTDADSTAATVSTYAKGTDDRTTAHSMDASAKVRSVTSGTSDYKDHVTMATTMTARVMGRGDVASSKTRDAVRYGMSAVVDGVATSYYMSTVASWYGRKTDGATSVAKYAGRGASVARGKVSGDVHHYGRAVMGVYVYTSRKARYRDRDTDAMRHAAVGRARGKTDYGMVADKRARGDKR
nuclear.fasta,Q92889,MAYRVDTDGVVARGGADRYHHHAVVTAYKGVHRRVTTSSRYVYTGGVATSRVVDTDRSDTGVYRAHRSARRKKRGKATDAVADTGHVRVMRVRKYWRHVAVSHKVVHVSMTTMATADAKKHSVDSAGKDKTRHYDWHGAKTKSVDKRTYSYDVTSRATKAGSGWDSSTSMARARVYHDAKMSKKKSKMKGTKKVSKWATVKAKSAGGGVASDDRTSRDYTGAARYRKTKDSKAVWMKRKDSSKRRKSHKRKDKRASTKRTKKKKRKTTMVGKGDVGYRRSSSSKHDVSSDAAGKTHGSDYATRVHVRYVVYDATVRYRASRGKRVYYGGSTRYTARKKAKRKASMVVRGRDTDVRGTASADVSTDTRKAGGGTSVVDMRRSSHRRGDVTVGDYTMVRKSSD
nuclear.fasta,P28715,MGVGWKSGRVSAGKAVDSWAKGVRDRHGSHTHRKRRVDGDAKKTVKRRRKDASSDSRKTTKKTKRAKTARSKRDASTVRRDYVKHSSDKWRMKAHADSDSSVKHTDMKTKRRRTAMSDDSYKGKKYHHVKMHSGHRRYDGGKVSRRVVSDTSHYKGAKTVAVDSSSSSKMHGMSDVKSSKKTKDATSRTAMAAGSSSSRRARGRAAAVDGSSRTSAKRADDDDVKVAGDDVTGGGAMRSSTSDGKVRDGKGTATASSSVSAHVASTGRTDSVKMSVHVGTASDSMKDRKDRSAVVRHSDAGGRTASTTSVSKTHAVYSKDSSSSDDTKKSASVGVSTSSVSVSAVDVVVSAKHTTTSAGDSKAVMDSSSDGSVSVSDATSKSGVGTRGAASSRDSRDDVDG
nuclear.fasta,P35689,MGVGWKSGHRVSAGKVAVDSWAKGVRDSHGVAHTHRKRRVDGDAKKTAKRRRKDSASDSRKTTKKTKRAKTARSSRHASTVRDDYVKHSSDKWARMDKAHADSDSSVKHTDMKTKRRRTAMSDSYKGKKYHVKMHSGRYDGGKVSRRVVSDTSHYKGGKKVMDVDSSSSSVHSVSSKSSHKVKRAASRTAAAMGSSSDSRGRSKRSGATADAGSSRTRAAKADDDDKVSGSSDDAKMGSRHADTARGGGVDTATSVTVKVTSGSSATDSAHSTTASHRDTKTVSASAVKASSSVGRAASAGTSSHVSGVSRTATTRTHSDGDHDGYTKSSRSSDDTGGAKASTVHVAAMSASARGDTRVAAARSAKMGMMSSSDGSVSVVSSTSSASTHSKDARGTSRDTD
nuclear.fasta,P14629,MGVGWKSGRGTGKAVDSWAVKGARDRGAAHTHRKRRVDGAKRTAKRRRTDKASDARKTKRTKRAKAASGKSSSVRKTDYDSSRWRMKRDASSVDSKSVKHTDMKDTKRRRTAMDSSDSYKGKKDKDVRKYSGVASGGKVTRRVSDDSHYKGSKKKVDSSTSSTKTYDKASAHKTKTSSAAASRTAAMASWDHKHKSVSGAGVSRTAYVADAGSKKVVSDRKKTKVVSSSDDDYDGTKTTGASKSSSSMSTADSYTRSKVSMADHGDVAKDKVSGVDKSTVSRVMSMRTVTGSGSSRYSRDATKGSDVGDVRSDAASSASDRKTSATSTSMVGSTDVTTTSGGSVKAYDKKVGSDSSAMYVMTSVSDVKDSDSDDSVDSSTSSHVVKGDTRTATAVGSGSDH
nuclear.fasta,P25992,MSKGGHKRVTTSGDAGSRGSDAASAADSSKTTKTAKRKDTDSKYYSRYKKKTKKKVSTTGSASTDADDDDVARVKAKYGSYATGRGKSKKDDYRDGMGYDSDSDTAYDATGGYGAKTKKSYTTRTDAKMRSRKRMVSSSSSSSSSSGDDDDDGDDSDSDDSDSDSDDSSSDDSAATAKSSSKYKDHAKRAKVVTGKSKSSSSTSGKKTKTTSSSSSRSTVSDTDGDTSSSSAAAKKVVKTTTVKDMKAKRDSKSSGTAAVKGVGGKVSTDVSSSDSSDMSHGRADRAGHGKDGRTADTTTDADVTAVSKAVKSRDMGKKDVKSRVYAVTDRRMVSHYKYYMRKGKVRAKKRKSTMKRRAVAVVMKAVAYTRTAAAADVSKMRKKWTSRHYDVYARWTSYAA
nuclear.fasta,P31629,MKGSSSSKKKSGDRVGYDYDVRKYKKWDSTKYRDSSSKHGGYMDVVGVSMGTTRKRRKKSVGDDTMSSVSTVGMASDYDKMGVRSGAMAGHSHGHTRDRGSSVSSSADSDKMSDGGRKGVSVHTSSRSRSSAVATDKASSTDSSAVSWAGDGASGGKSSVSYHTRVRHVRVTDKKKASKKVWRSTSAKKKKRRADMHSSGSSSTGTGSRSSSSHSSSSMSRTSKSAKDGKHSTVAGSYSSVGHHHKMRRSSMHAVVRSKSDYGSHAVSGAAASTVSSRRKKVRASSGSSGVGMDSVKHHAGRSGWHHGAVDGKVAGSSGHAMHMDSSRTSYMTSKHHHTSAYTVMVHAWWAHHAHKSYGKSTHSSYHVAHTGKKAYAHTKTYYSGASGHKKSDSSKSTTSV
nuclear.fasta,P10925,MDDSTKSDGGADAVHMDSDVVVTVASDVTVHVDGSVDVVDVHSHTDSDVVGTAVSADTSGTSTSTMHVMSAHVSDVGHVHDSVTVTDTADTSDVADVSAVDSSGMDDKDYMMSDSKTDGSSVTMASTDSSKDASVKVKADSVDDVGTHAVSTKGAVTDSTSRVRVYMSASDSKDTVVGDDAGGTAADTHMDVSKAAAWTAAYDSDDVTASADSGGDRVKKSKKKKRSKYKSAVADGTRVYMGKKKTKRKRHTKHYAKKYHTDYSTKKSHHMSHKTKTKTTDDRKSHAGTTHKTMHTKGVKTKKDYTATHHVVHRKKHGGKGRHSAKKHRVHTGKYYYKSADSSKTHKSKHSKKGTSDTKAHAVHSRTHSHHKSSSSDKRHSVHTKAYHKDMSKGHRSKKHV
nuclear.fasta,Q01611,MDVATTHAHASGVGRHGVTVVADGDGMAVGGDGDSVVDVDVVDVSDDGGRVSAVVDVGTGVDSTSDVDVDVDGTDTGMHSVSGHVVGTDDADMSVVADVSAVDAGVHDSVDDYMSDDAKDDGATMGSVVGDSSKDGSVKVYKADGDGGTVDVSSDHGDGDSHGGRRKMVYMTVDSDDDDVAADVYMVVGDAAVAHHDASKTMVAWAAAYGTDGHRGTASAHDSDGDRTKKKKKRRGRYTAGDGHTVYMGKKKSRGKRHMKHHVRKKYRTDDYTTKKVSHHSHKTATVKTKDGKHAAAHKTHKAGKMHKDYTAGRHAVHSKSHVGKGRHSKKHMRTHTGKYYDYRSADSSKTHVKTKHSKMKDTTDSKDHAHSKHHDHKSSSSDKRHSVHTKDYHKVKGHRS
nuclear.fasta,P40848,MGVARSRKAKVTVATKDGTDSGVDYDMGVHSHDRATDMMVAVYTDRAMVRRADGVARAKMRSRRRSSRAAKAAKGDATKKKSWDSTGTMDTAKSRYYKSDWRVRSDASVGGHKMRSRVKYDTHHVVYGDADMGATHHRVRDVGSTKKTKRGKRDDVSTKVVKKWVSRYVYVDRADDWVVGDHSDRDGAVRTWRASHMGGYTDGSVARAVSAVGDDKRKDRRYRRRRSSSYVDVVRSVTSTVVTSSKSTSVDTKKKTKDAAVDVSKTSRSGATRRAARGSRAAAVSSVKAASAKAVSTVDSASSSAYDTDSSSTVVHDTKVSVGKRKADSTTDTVRYGYRRYYKHSDKRAVKHYVHGWVYYYGSWTWYYYHYAAADKDASDVKKYGVAASKKTMTDSDYTDG
nuclear.fasta,P34160,MRKRRGDDDYRDRRMKRRVVKMMDRTGSVKADDKSAMYGHDYASTAVVVKAAATMVVSKVAGKSYKWKTYDKSTSTGWKKRSSMVDYKSSDGRVSAYTTYRDGRTKVAYVYVKTTDRYGYMVVRVVVKKADWHTTGDGDATSVDDKSVRKGSVDSMWKTRYAHVYSAGTVVSTYAGDDVSRKVARVTDKAGTGSAATYATKDATGKSVSAYYTVDSKAAVGRARYSHDSDKRYDWSMSSWKWWDDSKGKYYKVAKKRTSSVDSTKYDTSYRDYYSTGYTVDSVRKDYRGVMTVRKDYTHKASRVTSGKYGSSDRVVAVTDSGSRSSHAKYDKDKTAKDTKYAVTWATGVADAKYAGTSRTTTGKGATAAVRSSSGVRTASTDDVADDKVGMDDDDDKDKWK
nuclear.fasta,Q00816,MSTAYAGKKDHVRASHSSKSDVKSGDDDDMGSVSMAVAKDDDHKSTKRTRSMGDYDTKKGRSDDYDDYYDSSSSSSSDDDYDDGYHSTSVSADDSYDDDVVVRHVDYSHWKSSSWKYKKKKRDVDVAARASWRTWAKARKTVSVVWSKDSDVTWYGVRDSGASHDRGYGSDDSKRSMTKSKSAAAKKKRTVTDAWKARKHMTMKHASVMDGKVHDDDAAAVAYYHYKSSSVSKSHSDKKDSTVGSGGGDKGDHKSAHVRSTASKSSTDRKADSDRSSTSSSRDSMGSSTSSKSKTKRHHDRVMARYASSDDSDDKYVDVAVTTRTAHKSSATHKTSDDDTSSSSSSSHSDDHGGYARSRRSDSGVHSTDSSVASSTTSRAHVRKDTTYGSDSDGGYGAVSH
nuclear.fasta,P32479,MSTDMSMSRHTGSTVKSDGKYASGSDDRWADSSAGSHRHWTVRKRVAHDDDWADSSVTVGDRSVVWGSTKKRDVHSVKGVVDAKYATTSDDRTMKRYHKTGDSTHTKSTTYRRSWSMGRTMGVSSVAVRGTWDTVSGHDATVARRRAGVKKKDDDAVGDDKVHHDKDSVVATAGDKSAVMSTSRRVADAKSTDMSWDGSVASDSSTKGKKMYRYGVDKDSDSDTKSKHTKSTSKGHTATSASKDDASVSRSHKRKKDAKAVTKSGKKRVATSTSSSSSGKKTDSKRVKSSTKTSKTVGVKKSSSRGHSMGTKRSAWKSSDDADAGGKGSDGTSSDDAVSDHRMTAKTKWSTTRSDVDTDVVVGGSDDAVRGVRSDSADTRGYGGKRTTVAGSKDKWASAGS
nuclear.fasta,P32480,MRKYDHVAAAGYAGSGGHVMAWRVDTADRVMKDKVSVDDTTGDTGDTYGSHRWGYSGWRDTSVKMSKKSSTTDVKYDGVSKRHKTDKSTDKASKTGDTGTTVMTSDRSVYKTGTHKKTHVMYHYRSMSADVSVKGVATSTADRYKVTKTVTSSGRVVYSAYKKKGTSTRYATSGSTDGTVWTKRMKAVSSTADMSWSDGTASDATYTAKDGVATKSVKKKAKSKSASAADGRSAVGKKTKKKTATGKTSTSMTSYTVRDKRKKATSAGSKKKKDDTGTSSRRATKRSTKYSDVKGSGRTVKTSKVDDVDKTTAGDTWSSDGSYYSDSGRKMAVGVSSAGTYTSGYWKKATTYSRYSDDTRATSTKKGVVTSGDGYDKMTWVSDGWWAYGSYWDTTTTGSSS
nuclear.fasta,P32333,MTSRVSRDRVTGSTVVRMAADMGDAKHDSSRVYVKKWTRVTAARAVGGVAHASWDSDVGGTGSDAVKHMKKATDHHSSSDWKKSGKVASSMDYVGKADDRKAKTDDKTSMASDKAKSAKKSARMAMARRKKKMSAKTKHVDTSSVSKTGKMTSAASATSTSKTADSKMSTVRHVAGVWGYDMSWRHGAAGRVKKHAYGVSRVKGTRRSRSDASRTVADRGDYVYDTVVAVRSVATAAHDSTSKVDTGKWATHGGGRYVSKTAHGVVRVYGSDDDVSVAASTTSVKSTVTTWSARDDDSSSVGSMDAKDHVDKKAHSWSKSVKYRHSSSVRRAVASKDDSTKWGKVRVSDVYVAHYKVKHTKTDHVSKHHTVGKGKYAMSYKSHYHKKRSSTTTDSDKHDAM
nuclear.fasta,P32380,MDASHGSKMTVGKSKRTTTVVSTKVAGDGVKKRRRSDDTDSTRSASDDSKASRSGVDKSRKRDDKKDVMSKVRHMKKRDRASKGKRHTYASDSKYKSKHKRKKDTYDTTDDKRAKDAKKVSRKVDDHSGRMRKARKKTVKDVSDVSKRSKDKMKSAKDTKKRKRTKKSDMDKKSKRKDTKSGSSSAKKMKKASTKSAKGKASMATSKRDSGSRKKTDKKDRARTVSKDRDKKVKDVKKTHSSKTTDSKDKKDKVAKYSKMKKRYKSSKDKTTKSAASKKDSTATHHMKYKSRKDYKSAKDSDKKRASAKVSKRSKDKKDSDTKDSSKSDRYKKDKSSHDKSDKSRDSKWKRKYSDRTKSASDKRSRKDMDKKWSKKYKRKVTADRRRKSRMDKMTRKKYST
nuclear.fasta,P21372,MTDSKRSRRKKAKWKKKADAKHTSRDVTSGKTTKTRRVKRKRKRKSDVSVKSKKKSKRSKVKKKSDSDDDDSGVSRSKHKAHDKDDMTSKKMSSKGMYDRGDDVDGGTDDDVDTDSAKAKKAKKRVKYYSKYSTVSSMSMVRSDKKGTGKVTKWSGSTDTMVTKHGSTSAAMSGRDVGSKTGSGKTSYRVKARSKHTGMGATRAHVTKTADTSRSVTGGSMKKTDKRGTVVATGRDTDGKSTKRTVVMDADRDGTMKTVRDKVSATKRSAVRVHSSTSKGMVVKKRHSDKDVHRSDVSDGSSDVVDAKAVSSDSKKAGVTAHAGKYRMKKRKSTVSRGVVSVYAVKTAYVHTTGRTARGSRSGTATHDSGAYSKAMRDKADAKMSAKSGMKKGKRSKGGGK
nuclear.fasta,P53692,MTTTVSATKTSRRKRDSDVTVDSVKRRASRDRRSRRSSSVRGDGDVTRTSDRVGVHVMHDSKGRVGHGSGKSATGTGAKASTRAMKSVKGKYARSVTSRGAYYGKSTRTRRGSSYRRSGTVSTKRDDDHMGDMTDTARGSSKKYMKGKYSSTKVGKKTGVSYAKKYKWSRTHKKGMVWAVVVKAKHAVKSAKSVTSDDGKSSKVGRAKGTDTTKSKDVKTDGYRSMDVDKRDSAAKSDVYRTRARGGSKRASRADSVSKRDHSAMGGTSTKKDSAKSDSHKVDVRDKVSAGKMKTRTRHKGMGKYMTVKKWHRGVGVRSHHDKMRSHATVVVGKYDDYSSGDSYTVKKDDDVHTHGKMDRRAAYMKRGAVTYADRRGYGRVSTRSSGSKVTWRRGSSSTSA
nuclear.fasta,Q00578,MTDVGYKSKGKDMGSSSDDSATDADYDDRTSGRGRDTGAMVTGKKRKKTKSSRHTAADSSMMDAKDKADTSDADVDSVSGMRSHDSYRRDHASRWSSDGRSSAADVTASRSHHYKTAYSYAAVSVGTDDSVDRSKVVASKGATSYGKVKVKHRYVTTADMDSVGRDSDHVDVTAGKATVDVAVSAVGGDRDDDDAVHSASVVVKKRDYVYDRDHRDDDKSTRYKSSKMGGRARSGVGAGKTVGTAATKKSVVTSSVSVMWRWTAVTSDKMTSGVVSTYSMVATRRSHDSKVMDTGRWGDVHVVAAMRRVVSTAAHAKGTATVRDDKGDGKYAWMSKGHAVAVWMTAYYRTARKRMYMTKAYHRRGDKVSDVYAYAKMGKYGSTRMYDTSKVGDTSDATSSH
nuclear.fasta,P41410,MTTAKRSTSSKTVSKKVGKKKKSVSKRKRKKRVYSYGSVDGKYDSAYVSVSGATKARHRRDSTVKKSVKKGHDSKAHRTGMKRKVDRYDADAVYDTTDADDKVAKRKKDKRKGKKSDSSDHDSVSTDTVASSTSTSTSKHRRKSKDGKKVAVVDKARRHGVKYKVTGRDRAGMADMGGKTAWTKSAGKTKATSSVKWAVKWGKDATDGKSSKMAWASVHGRVTRVASYTRSYVHAGMDGHRKSDSTTADKVRRVSGTDSYSAGGSRRKYKGRDADGTKDKGDAKAAKVRRRTDSKYVKYHVVSSYKHTSKRGTGSKAGKKHDTDGAGRRGRDRDSSSGKMVRMYKTDDKVSYTSTDRARGYKARDGTMVKRRVDTDKDAVSSKAGGGGARDDWAADAARVW
nuclear.fasta,P32863,MARRRDRGGAGRRVRVDSVRTKRVYKTHAAGRATGSDVGGRSRKRSATVYSGDADAYSDSSTKRRKDASARAKDTRSHYTRRSTVKGYVRHSTGMKKKTRHDTDAVYDSVDGMVHDTSMDKSKKMKSTKDKKSRTRGRHAMTGVRKRGDSSAKKKASVVVDKAKRHVGVRYRVTGVMKDYAATSSDKSDKATSKTRGAYGMADMGGKTAMWTRGGKRDKVSSVWAKWGTTAVDGKKSSMGGGTTVSAHAWAAGRVKVSYTRRVDKVGMADGHRKGDSTTADSSRRVSGTDSYASSGGSRARKRGRDADATDKTKGAKSTVSKRRTDAKYKYHVVKYKKSRVKKVVKGVGGSRAGKKHDDDDDDDYMGSKARDVTKYSAKSRHKKTSDDKVSYTTDKMRYKH
nuclear.fasta,P38630,MVSDGKKKSVRSSTSRTRVGSSKVDDTSDSTKTKKMVSVDVSTGKKAKRKASSTVKASSKKTKSSKSSDSASTADVDKSDSVHVKAKDKSASADDVSGSGKGTVTGVTRGASAAKRYGARVTKSSSKTSVVVGDAGKKKKKKADGKAGMAGGDGAAKARRKHATKAVKKRSKKAATRVSGGHRDVVRDKWTVKYATVGKGSVMKKWAWSKKSKHAGKDGSGVRAAMYGGGKTTAAHVAGYDASDVRSKTAGVKADMSVVGYKHAGKHVMDVDGMSGGDRGGVGARKTSTRKMRDRVDRRDASKSRMTARKKDVDRTTRGDRVSTSTTTKTHSKAWKAKDAHKMDGYSDGSRTDKAYDDDTMYSTRSVKGSHAVAAASGDVKKRSSWSHAVSSVYASKVAGH
nuclear.fasta,Q12749,MSTTSGKRVDDSTARKRRRHAMTSTDDSGRSSSDVATADDSSGYKKVRMHHGSRVGGSGKSATATGGAKASTRGSSKDRGYSAKHDSKYGAYGGVRKRDGASSRSGKSKKKDTVVDYSVVSMSDAARSTASTSDKYSHMKGTTYASAHDSAMAHKSKAYDAKKRTSDRKMAKSWDVAHTDAKSGKVDVTKRRKRYTSDGTTADAKVYVKDSHARRDVKSRKKSAASDGRKKVDAKTAHTKMGGDKDMRKAKRVSVVSDVKRDHRSRTSRSKKVAKGDTMDRMDRRTRKTAGGSVTRKGKWTRSRASSSAVVSKDRRDMRSGRSVTYSDYSKGRAHGYTVDASKVDSRRVDKARRVVMASRDRRSGSGGYRDTVTYDKRKVSSSDGTYKDTKRDRYKSVRSR
nuclear.fasta,Q00416,MSDSKDKDASDVATVYTKAKSYVYGTAKGVAVKGTHDSSTSATATWKHSVDKARGKKMHARHVHHVAKDVWRVAVRSVDTGTTAMYHMRKKATAKYDTKHRDVTSKTSGVWGSKWSRAKDYSRHSTDVYHAWTVVSWSRVDKDVYVKVSKKTKKMWYHSKSYHDKDRGTMKGSWSKTHSDRDSKKDVHTVYTGSVTDSWTYHASSKRMVRKVSMARAYSKSKAMSATARAVTKRAMYKDTVTKTDSRADRSASDYGGAASASVATSTMMVADDHRTKYSGKSSTVVTKDRSHDGAKVSKGVSTAVAAHAKSTRMKADGSKADDASGWSSSDKHYAATYTDVGRGASTVKVMRYRAVRVMDVVSAVDSGVATKSTKKWSWDTYKTKWASKYDYSTKDTDSRS
nuclear.fasta,P32259,MMGHMSWSKTGAYSDSSSATSGWRHTKYVHHVYSSSTSTHSTTTSVGSTTAGVGSTGGSKSYSSHWWSGDMAVDGMTMTGRDRATTYKTMVDVYKYHVMKVDKKMRKTRKYTSRWTSSKSVVSADSSSTYRSRAVYGVYHKYAARKGDWYSSKDHKKTDTSRKDWARTMDDMTTYSKSKSYKHVWATKVDSKSTTDTDDGHVKHVVSKSSKDSVYVDTSKSVKRYRATSAYVKDDRSTSRRYRRHSDVDKKVTTSMDAVSYDGTSYDWKTRSSGKKASSAGYGKSVWMKVSSMGVVKYKKWYAAVKYADKDSATAAGYVKSHKSADTAAKTHRSDRKRAKTTKSYSSDAKMDKTSRKMGSSMARVYKVAGVARHASSKTSKDHSVAKWVKTYTDTKYTVHG
nuclear.fasta,P32908,MGRVGSKSYRGVTKVGGSTSGGSGKSMMDASVGVRSHRSKDYRGVDSDDYDGAASSSAYVKAYKGKVMRSRGDTSYKDGKTVSYKDYSKAKVGDVAASVSRMVSGSYKKYKKKSKSATSKRRRHGKTYKGKYRKDKKKAWYHKTDKSASSSKGKMKSRSKSSVKSAVSKKSKDYKDKKVSDRKVAAGKRSHKRSKDRKTYVRTKVVTRSKAKSARYDKKDKTYHKYTGGSKAVDKRRKRADSKRRTSTGKDTDRVSKAHTRHKKSDSAYDKRTVKDDSARTMKRKRAMKRGVKGVHDHKKKYGAVSTGKDSVVTVAAKKRAGTASDTTTSDSDYSADYYKAMYVGDSTAKDKWKKGRGKVTGAHKAGMTGGSGDARWDKYSMSKDKDSGRSSRARVSVSSD
nuclear.fasta,P38904,MAYDDDGVGSSHGGVGGGDDKYTSKHDDSHMHSDHVDDVSVVAAVDDAKHGSHVTSDTADDHKWAHKSDGRTRRVSTSHHSRTDDADDDRMASTKKHHAADKSSKKSSKKKKKDKSKRSSKDKSSKKSKSSSHSKKHAKDRKKSKTTDSHDAADTAKTVDDSHTDTDVAAVATKASSATSSGVSSRKAVRKTADDAMAKKKRKKKTKSKTSKAASTAKSASSTSKKKKKKKTVKSKSAYDDSRADMVVVTSKTSTHTATDKSSDTSVSYTTDASTADDSDMAMAMVDDDVDRGGDSVSDHDSRMKKSVKSSSKSKKTASRRASKKASRDASSVTVSKKKSKTVSKKRKKYVSAAASVARKKRWAKKKKKRTARRRHKKKKRAKKVRGYDRTKSGKKKYRRW
nuclear.fasta,P23615,MTGDSKVRDVDDTKASGDVDSSDDDDDARKVGVDDDDGTSSKKRRKHKRRRDDRSDDDMAGVRTKASSSSGKKRKRVGDGAASSDVAASRDSTSKDSDSGRGRYGRDDHRRTADKGGDDDDDSDDDTRRRKKRSKTTGSSDKDMYDGDGHDYDWAGDADTGAKSTKKKSDYDDKKMTGDMKRKTDRYRAGTDYGMSSDRWAKSVDKDAYDTKAGAKTKVYAYRRYSSRKDGTDDWDVSDHSVKKDYVRYAHDDVTYKTASASDYDYKYAMHTGKTGKKHKSSYKKASYAVSDGSADVGSSHHVDHSSKVVSASGDVTSTKADTVKYYSSKTKRKVRSDSKYYADVVTAKGKKKGSYDKYARTMHRRDDVKMVASSVKHMSSAYHATTTSDAWRKAAMDKDS
nuclear.fasta,Q01593,MKSHVAAAGDADGGGDADDTVMDGDVGRWDDHGGDHVHGHDDDVHHDSYGDTDMSSSSSSSTSAVAVSSASSSSAASSSTSSAASWARSDGDTYASGDDSSGASTASMDSSGGGGGGDDMMTGYMDDSDTSASDDDTMDTRDVVVMMSGGDMMMSSDDDAAVWKKTVSADRKVKKKATSAARRGGGKAMKKWVTHRRRTTTTTTSYSDSDTSSTWVAVSDGGYMAYSSWSGMHMTSYGDTGGYMYYYVAGMRDRRSSATKARKKRMARRRSHHHRHTGTAAVAVATTATGGTWMYWVAVVMTTMDRAGSASAMRVVDRRGWKKRKVKSDVGGRVKKATHARDGSAMDGTSRVWMRYRWKSRMYTGDVKTGGDVYSDVKGKYRGVKVRSGKASSAATKRKSR
nuclear.fasta,P93831,MASASSSSATRSKDSARGASKVSVSKKKAADRSKKRDKKATSMRSSMRGGSKDGSDVKRRDSGMKSGDSRYVDGASSGMVGSSVVKSRKMDKRSYTTWVDRRMTDSVVGRRRYYDTGGASDSADDKRDDYRMTGSDSVAASSRSTSKARHGVMKKVSSGDASSKDMGADSDRRVDRHGSDAKAWVDTGAYKTKSGRGYGTGKTGTSSDGAGTKTTTKSSKGRKKTSSASSKATSDSGDTSDKVSSSKVKGSGRRVGRKRKRVARVRKTKRKKTASDSDSASGSSSDAKHKDDATSSSKHVKSGSGKSRKGTAVSSVKDDVVSVASDAGSDSRKMGTVSRGRATKWRKSDKGVGMSARSGKSWVYMTSKASGGDGDGSSKDGMVVRRRSRRRRGKVRRKYTW
nuclear.fasta,P93471,MHSVGVAVVKSKSTDTTAAGTVTMSDDKDMKDATAGHSYMTHRKSDGHYTSDKKKTSDRSKTASVHRAVKGVTMKDTTKKRKMARMDHRKKVDKVTDKDGAVKHRMDYRARDRYSVKRMDDSGGRKSRHSSMDSSGASSRGGSSGSHTKKDGKSSSHGHGRRDTGSDSYSGAVRKKRVHTDYKRRAADKHGRDTSRGYSGDDSVTTTRYSRRVARHGDHSAVSSDRDDDATAGVSRRKVDSAVVTDAHVVMTTRSKSSWKYAKASSDYGVTVWTMTTRKSMYHKRAWSVDSRTDSMVSGSDDKVKVWTASVDMKAVKYGSGYAVGSADHHHYYDRSRVHVTGHKKAVSYVKSDASASTDSTRWDVKVRTRGHAKVGTVRSYAGSTVVYHKSKTWHRGTDMD
nuclear.fasta,Q9FGR0,MSAAYKMMHWTGVASGYTHSSDSTVSVHDDAWKRGGVVTAAVYVRAGTRKAKRGGVMDGVYGVSVHYRHGVSAVMGGGSSKGRDSTRDAKSVDDSHSRMTSMHGDWHKRGRSRGVKVDGRGGVVYGMKTSVGSGVGDDDASSGGTVSARVSSYRDMKHVKDVHGYVVHTWAGRVSWKHHTVSASSTKHVWSAHDAYKAVSGGVVATHYHSSASAAYASSADSSASSVDAAHGTWSDVASTKSGTYDGRAVRDSKSKASVASDTSVGSGSRGDSVSRSGAASGRDDDGGHAKRRMTSDTDTGSGSTSDSAVTSSVKSSAVRDSVVGVKDAYGRADAATGVSKSYVSGHGKGAVRSRMTVGKGWTVYHKSSRGHADSSKMAADDYHAYSARTMVTADTVTSVD
nuclear.fasta,Q9LKF9,MGTSVVTGVYSYVSDGDGWDDTSSRVASTDAVSHDTHGAYAMKGSAVYATVHRGTMYDSRKVSDDTDDDSAVRTYSYHSGKGGVAHVAGHMGGSWRTKDGDVYAVDYHRKRHGTVSVRAVTDAYHAYTTARRDKDTSKHVGGVVDTAGRVHWSRGSYTYVSSSTDYVKSWMSDSSKSTSRDARHVTKTDDAGKVVASMASAGARVWADRVTTGGTARMSAKVKVTMSKRVAGAYRKRARASVKTKASHGSDDSSMDTKTTHDVGSHGAYKDDGVSSSVAMYYDTSWDDGDDYVKDDMDRGAMHGGDVDGRDATASMDTRSKVMSVTVSSVKMDYGRSDGRSKSMAHVSKVVHAAATHKHHVYATVDVTSDAYKVSKMSVKKGDSVAWVDSVGKTRDMRSMG
nuclear.fasta,O22899,MGTRKRKVSDVMDSSSKTKSGGAAAAGGGSKWGKAYSRYKRRDVWKDDTSTVGTGSGKTTVDAVVADSDKGRKWVGTRRVAAMSVSRRVADMDVSGVGYSRDTSSRTMKYTDGMRAMADRYKVDAHRTATDVGKVRRDKVVMSATAKYSGAMKVGRHVYTRDYAARTVVHMGDVTGDARKKVSGDVGVKVVYSTAMKDAVTGGAGRKVVSTATSTDGVYVDGAKKVYRRVSVSSKASAHRSGRAGRTRGKRYTKSDTYRSATVTKKGDDVHDMDATMRAVYGADDGTKTGMSDMSKMVSSSVSAMSVVRRAKAADAKARGHDGDHTVYHAYKDWVRAMKSADVRVRMSRKMSTDSRDYYVRKAMAGYMVAHRTGHYTVKDVVHHSDHKWVYYVTTRRTVTD
nuclear.fasta,Q38953,MKKHSVSVTHGSAKVADGRHSTVDDKKAGAMDYVRSTTHGYKKSKKKGDDKKGAKDTKDKVKKRARRRDRRDRDRRSGRDRDRDRRDRDDRRDRHRDRRRGDGDRRSDRRHRRGRGDGGGDRRRDRRAKDYVDKGGAYVYKGRVTRVMDAGVDKRGKGVHVSMATRRVDKAKVKRDMVYVKVSSSDKYSSMRDVDTGRDRKSDDDSSRSSYRTKDGVTKTGSGRVDVASRRKKMSSRWAKASGVRVDMYDDGDGMYGAMDAGTRYSVDMSVKKGSSRAAASATKRRMRRTMDSKDRWDMTGRHARGVGSAYDMWKKDAGKTTGRSKSRSYKKKAVHDVVVGTGSGKTTVTYAAGYTTKGKGTRRVAAMSVAKRVAGRGVGYARDTGDTVKYMTDGMRDSYS
nuclear.fasta,Q9SP32,MVMDRATKSYWDADSDDDVSDSSVAVSTDGVDGGDHDSKGGGGVSDTSVTVTVAKTVKGKGGKRDSKGDKDRKRARVSYSRSSGRGHVSRGDRMRKRTRWDAGKKKRYRRDGRDRVRGYWRDKVGSVYRSGTWADHRDVKKVSGGRDVKAKSKRKKVVARRYDVAKAKTATGAGKTAKSVHKDMSRKMSVVKVVYAVRTVGHYGMGDWDSRRWRSKVVMTARHSRMTDDHHAVKKHYSVMSYHTTKDKRAGMTASVKGVSSVDAKRTKDSTVTKDRKKHVMSVVYDKAATMWSHTKMAAVAAASSRKSKWMGARDAGAKDRVYGVSRTSDGAAHKRAYTAGWAYKVGSSASDRVVDVKSYSVVSGAAAKVAAVGKGAHDMGDDVVSGGHVDVGAAVADGKV
nuclear.fasta,Q8LK56,MSMDSSAVATATDGSRDVDKTKSKRKRKMKVVVGKKRKRKAKVVVGKKRKRKAATKVKSKTGSAKKKKSATKKAVGDMSKSVTKSRKADGDARGDSSVSSGASSRDAGGTGSDSVSDKTGGAMVSMGDKSTGAKARDDTRVATTMAWMKGGRMTRAMGMYGTRAVSGGGGKRHTAGYGSTDMHVMSTGGHGKGSRGVDATKGTHMVATSMSSGRHSSVTTYHVSVSRGTTGTRSRAAYDSDHGKYSHSGGKKASSTMAKARGSKRYHRAMGTKHDAASDVRHSSTVYDAAKKTKKVVHGMVDDTDGARKGKTASSKGASKGSSVKKTAKKVKTAKKGRAGRKKSVAHASWTKTSRSKKGKGRKSDSGKARGSGDSAYRMYGDKRAMVYKGDGAVYSKKRKR
nuclear.fasta,Q9SJQ6,MKRRSSWTMKSYTVDYHSSSWTKDVVGTVMKGTVSSSVSVAKTKKRKKHRKVRRAKKRKRARKSVVTDGSKTKRKYVRKKVVSKDDATVSSAAVTSTRKRRRVDAGTGDRAGMSAKDSGKDSASTKRKRSGKRKGVKKGSVDSMAAAKRRGTDMSGYDDYKMHWYSGGMRYDASKVSGHYVSAHATYSSTSSARVTVRRGGRSVSDKDTKKKTTGHARRSSMKVVHTSGYSKKVDTRVTVSKKKTKSKSTKKRSTGSDWKRRSTSRDRHSTAVYTMSVGGGAGAVVTVKKRRKVDDDTDRVWKSGVDGSDKAKWWRVRGRADSARMHVGDRRTWKGSVVDSVVGVTVSDHSSSAMSASVVSSDAGTSSMSTYDSTMSSDHHSSVTKTDKDYVSTSRSSSAS
nuclear.fasta,Q9SR66,MVGVRKARVKGRTVHGSMHHDSDRRRSGYMSTAAATVATGSSGASSSSSSHTDSWSWKMDSWTSKMKYDVSTKDTVSTSTRTSTKTGKSSTDHHDRKKSVGTGSAAVKKRKARDKSTTKRKKRKVVRGKTKKASSKAGKKSSAATATKTSSYVRKRTRRSRDDDGDTSAGHVGSSGTDTTGMGHVKGRRGRRSGKKTDDSSMSVTGGSMSDRSDSSGRRSMATRRRSKKRSKRDRKGKRGKTVASKKVRKKRSRRVASARDWRRTGTSADWRSTDATKDKGHRTAYKKSYKAVKYSKKKKVDTSRVWKMSSDDGVDGSDKRKWWRMHGRASARMRVVGRTSWKGSVVDSVVGVTVADHSSSSAYMDAAVWKGSHWGSSVTTDRTGVSTRRTRVDDDDDAVS
nuclear.fasta,O49498,MSDRDKMVVTRKTKKVYVRRKSKSMVHTKMARRKSMKSVMHKDSYSVYHVSTTHKKKKKSKKHGKHSSHDDSRVTGKGRRRSKGTKKRRRDGKKRATTRRTSKRRKKDDSDVATTKSKRRKKKRSVARTKVSDKGRGKKRTTTRRRYDMVWKKSRRSKRRKMVRWARASSSKTVSHTGADASHDGRVYHYTVRHVVSKTKKSAVHRTYKDHGSSADVHDTKSASSVSRKKTKDAKKDMGRKKKVTTMKADKKVTAKVDTKWDVMVDSSRSYDDKTAKWKKRTRDRMHRGRKKWKGSVVDSVVGVTTTDYSSAMSVAAKVDARGSYYDAKSSSDSSKVDHTAKRKKTGDVDWRRMYTKGSRMHMDSVWSDVRSGVTTKKRGRSRVDTVGRAVRGVGVMHYHY
nuclear.fasta,Q42572,MARSSYRSTKTSSSVSSRSHRSSHRAMSSSRSADAMSARAAAKKKTTTSRSKRKGTDAGKTVSGTKTDVSDSARSDTSSADSKTGAKKAKTSKTDMKSKGKKKDDKMSWKGRVVAADSSGRVTDMRTVATTDVATVYSAAAHGVGGSTKASAGRTDHVKKTGDGVAKGSRSTTMMKTVVKVDTRAKSGKDSKKKRMKAVATTDYTRAKRGSGTVAAGAAVYHSKTKSAAKVKVTVVYDVASGGVWKTTGVGMAKTKGVAKDVTYKYDGRAHMDGTYSRARTGKYDVAASRKKSVKSDVVADRKKKSTRARKVVDKVGVADMYGKRRKYSDGYATAVTSDDKDASVDVGGKTDSDATYAKRSWKKKDYMDSGDSVDVAAHGRGKRTGVYGAAYDVDKSKGTG
nuclear.fasta,P34881,MVGAKAAKRKKRVDVRTRRRRAAATSKKSRVKSATVKKVARTATDVDRTRRDVDSDGVMHDVSGASDVTDKKKGVRTSGRVHWSSGYDGSVWSTADYDRKAASYRKVYDYYKARASVAVYKKSKSSGGDDGAAVVRSMSSGSKYSSGAADVSGDYAGDTAKKHSSYVVVARKSSKDKRRSGVRKVSVASATSDVDGTDDDRRYADRKSMRKSSSGSASMYKDADYSYYKTSTDYDASYVSHHRMHWAYSDRSMKDDDVGSGVVTDDGSWSDDSGSSHDDGMSKWMGSDDSSRTDVAWYRGKSKYAWWKVKTARVGSTRVSRVARSADVTKRSGADKAYSSDAVRYVVHGAVYDDVKRVVGASKDRHHTKWKKKKSKRAGMAVASKRKAMATTTRVRWGYSY
nuclear.fasta,O48653,MRRRKDSRGDMASATAGWMKRDGDAGGGTVAASTGVDSSKDGAYDAYGASGTVYGKVVGKRHSVVVKMRYASSSRDTSRKSTTSDSSSRASHASGKSADKSDVSAMTVKRYARTDGYVKYYKDSATDRGHHAGTSAKRKKGSWSSKAATRVSWKVTVDSKDSVMTSTTVVVVAAVKTKHVHVSASVHRVKDSMRSDWKRGMSHTVMRKGSGSKSSDRKAGSVASSRARMSKDDVVGHSGDDVHRATKVSMWSKGRRRSVMRTKGTYGSGASGMSAGRDTYSRDKVSYSTATKKRKVSHDMSSGAKVYGTDAAMHSVTRTSGWGKTGSRARVYHAHARKVDKARSKSTKRKMDTAARDADSDDGHHVDGKTKKGSYAGGVKKGYDKYVDSYSYTTVDRSADG
nuclear.fasta,Q9LVN7,MRSGSKKRSTAGKHRATGDSTSAGTDDMMDVDTYGDDSRDRSRSSAWARSAYSSDSASHKGSSGARMGVTRGSVVHGYYAGMGDDSHSGRMRSKAKVKVKRMVKRSMYYKSTKTVATMVASRGDRGDGGMKSTYSVRMVDDVGGWVTGKYKKARTSYHYSDSHAAGYSKMARVSDAGRKGHAKHDVAVTGDHVRVMTKSAVGVDVMSTRVAWRDRDVDDGYKDYRAATGGRVKSRVRVRDSTSSRGRSKTTGRDAHRDHKSSYSSVSAHSKDVHHSTDGATRRRAVYKDAYRDKMYYVMARVTGVSARGSKVSRKGKKVAKSGSGTYGATVARTGYKATDASYSMMAYYTVTDVRKHVTKTSGTVKTKGTARKRAKADKAKDKAVDGRAKSASVYGTGATV
nuclear.fasta,Q9LRE6,MSSGGRGGKRRGAGSGAAAKRAHGGTAATAAAVADMMDDVDTADADRDAASRSRWRRAADASGSRVADYVGSHKVSSGAARGVTRGHSVVHGYYSMGMGDDSRHTGRMKDSRSVRVKRVKTMHYSKVVATMVASRGRGTGGSKSTYSARMDVGGWVAGKYMKAARMSYDYSDVSHAAGHSKMARSDAGRKGHTHDVAVTGGVRVMTKSSVGVDVMSDTRDVAWRDRVDDGYKDYRAVKVGRRSRVRVRDTTSSRYGMRSKDVAVGRVDAMRDYKSSYSSVSAHGKDVHHSSDGSTRRRAVYKDAYRDKMYYYVMARVTGVSSRGSKVSRKAKKVKGASGDTGATVARAGYKATDASYSMMAYYTVDARKSVKTSGTVKDVKGAARKRAKADKAKDRAVDGR
nuclear.fasta,O48901,MTMDDVTVSDSRDRAARSKWTRSAGYVASRSVDYVASHGSSGVARGVTKGHSVVHGYYGMGDDSHHTGRMRARSVGKVRRMVRRSMYYSSKVVATMVASRGDRGDGGMKSTYSVARMDVGGWGAGKYKKTAKSSYDYSSHAGYSKMARSDAGRKGHTHDVAVTGDRVMTKSSVGVDVMTRVAWRDRVDDGYKDYRAKAGRRSRVRVKDTTSSRYGTRSKVAVGRVTDVMRDYKSSYSSVSSHSKDVHHSSDGATRRRAVYKDAYRDKMYYVMARVTGVSSRGSKVSRRARKVAKAGSGTGATVARAGYKATDASYSMMAYYTVDARKSVRTSGTVKSKGTARKRAKADKAKDKAVDGRAKSASVYGTGATGSSSVTSYGRMHTKKVDKTTGYHAVYGDTDS
nuclear.fasta,O82804,MKRGKDKMRHVDADKGGRARKMAYSSRGDHGTMSRSTSTVHGSSGVRSVHDSSAAATKVSMSMVRSSAHDRKMVRDAVVYSRRSSHGRTKSGKKHTMVASSHHSRVTGSKVATSKVRDVKAARSGGVSDVSVTDKSASSHDRVDYASRSRRYRDGGKTRKDTDGASHATHSGHGSDDDRYSKSRAASASDDVSDDSMVDSSSDVSDDVVGGKRWRARKAARVAVHRKVKAASDDSGKVSAKSYVKKSVKHVVVKRGDSKTDHKMSSAVVGRSGHHSYMAASAGYSGHWVMSSGYKHGMAHTGHYGGYYGHYMTMVMYHGMGGGYYGMMTMYSSMGHGTRSDATKSYRARKSRGSTGSSSGGSGSKSRAAVDDSATMTTTTTTTRTTVTTTRDGGGVTRVKV
nuclear.fasta,Q8S4P6,MAAAAAVVASSASASASAGRSRSSSAAVTSSAVRAGAASYVSVDSKKRTADRTYKRGKTSSYTRTYSKRSTSKGTDSASTKRDDATHSDVDKDGGTDSSSSVMGGGKARKVKYTTWDRRMTDSVGRRRYYDTSGASDSDADKKKHSDHRMTVGMSDAVTARHMRAADDKARYHGKTKDSKKGTHVKVDYDKDDAADSDRRVDKHGSDVTKAWSGVDDSVGHHKASDAAAGADHMDVTHSSDVMGSRKKGSSGRKTKSSSSSTARVSSSDSVHSKSHSSSKVKGKGGRKTRRARMSVKKGRMASSDSVSGYARDMKRSDTRGKVSSSSSTRSSKKKSTGSSAAAHDSTARHSATDGYDSSRKVKVYRSWKAGVKGGRSARGGMKTKDVYMYSASGASGVDSV
nuclear.fasta,Q8S4P5,MASSSKASDSSRSKRSDGMGKDAAAASVVHATRVSGRAYKKVRKTRHSSDVAAAAVASRGTDGGASRAARGSDAGGRDVVSVATGTASSSGATARTVRVKVKYTTWDKRMADDSVVGRRRYYDTVGASDSDKHTKGDHWRATDHGVVVGATSRSVKKHSGSSDKSRSDKTMDAVDSDRRVDRHGSVKYSDDKKGHYRWRGKMHDDGAGGATYTMSGTASRVDVVMYSDSRKGRSMTVGTSGSKSSVSASTTTSADSTVSSDSSRKHKSKHGRYRHSGKRKVTSDSGMKSRDTRSRSGGDKRDSTKKTSRKDMGSATTMVGRSKVSSTKSTSWSARDYKGGKSARSGKTVAYMYGAAMAKRKSSGDADYMDMAARTRYRRRGRRKKYTWKSAGHTVRKRTDD
nuclear.fasta,Q9ZSM8,MVTDDSSSGRKSHVDDDDDGDRGRSKRKGRVRSKKARKKVDAHVSSSAASSRATADGSMSSRMRMKGSHGVGDRDYVTKDVSASVKARYTTWDRRMADSVVGRRYYHGGTSDSKRSGDSWGYGMGVDASVDASDRYKKDKTSSGKGSKGGAADSDRRVDRHGSSASKYWSDYGDRKSKHYKAVRVTSASKAKASSKAVSSDVHAAASGVSVKTDGKVDSSSGVHGRGKRVKDSDSKKKTAASDTKMSVSVSDADSTKGDGGTTDKVRDSADAKVGDSVHDGGSSHHGSGGAAMSTSRSTWKDYKGVGRSARSGKTDVSYMRVSVRRSSTDDGRTDGDDVRTRRRKGKTRKKYSTKSAGHSVWKRAGGKSKYTGSMGKDTTKYGSKSKRRGHAKSRSRAAGR
nuclear.fasta,Q9ZNT9,MTKAVVSGGHGHKSSHDAKYRAKDHGVDVSVKSDTKGVKDDVGSTSKRRRRDDSVKKVMDDDRGTDSTHVDDVSSRAHSSKSDTTTAASSKVHVDGVSSRAHSSAKSTHVDDDDVSSRAHSKSTHVDSSKAHSSKKSTHMDDVSRTRSSKTSDTTTAVSKVRRGSRRKYAKRYKARTAASSKVHVDVSSAHSKASDTTTAASSKVHVDVSSTRAHSSKKKSTRKVDVSKTRSSKKTSDTTTTASSKVRHVDDVSSTRAHSSKKKSTRKDDSKTRSSKKTSTRTAASKVHVDDKVSSTRAHSSKKKSTHKKDDASKTRSSKKTSDATTAKASKVTRVSRRKHARAKRRKGRYHSTMMTVMSDSTDDYADSRRRVGVSKKRYMYWVRKRVADGHVWAAKHKMK
nuclear.fasta,Q9SQI2,MASSSSSRWDGSSWRDHKDVVAYVYGTSDDAVRHYSTKRDDVAMVHHHGHAVSDGSVYSKAHASSVSSDYSWAAGRTHYRYKTGDTRSKATTSGSTSKAGSTHRKRSWSDAAGRSDYRWSGVMGKYAAGKTASRGSGKHMSTRWAVAGAGVSVDDVARYTATTAVAVATTSDHVAGAYARHRYYAATSATRGASWADADAAVVRAADYASGVRRWMHHRAGAMSMRAGVAADAAAARSASVGVHAGGYSSYRKVAAATATAGASMAHGVWRTWAAYGSSAVDVATSWYKVYRGSSAMKVATVTSRTSSRTRKARSSTTRSATKAMSRAMVHASAGVASRVVTVVSHASSGSKRRSYASTTAVSTARKSRVKGGVAADSYVAAVAAVYMSGGGSSAVAGTTK
nuclear.fasta,Q9AWL7,MSASKWDGSSWDSKAAYVYGTADSDASYSKKRVDVATVHHHGHAVVHSRDGTSYDRGMSSSHTSKYSWAAGRVTHYRKVDHHSASSTSDASSSMKRAGSRDRKRSWTDAAGRSDYRGGVMGKYAAGGKTTYSRGSGKHMSTRWAVAGAGVSVDVARYTATAAAVATTDHVAGYARHYYAATSATRGASWADADAAVVRAADYDSGMRKWMHHRAGTAMSMRAGAADTSAARSTRHAGVHHGGYVSSYKRHDYHMSTKVASATDATAGASMAHGDVWRTWAAYGSSSAVDVVAATSWSYKVYRGSSAMRVATVARRTSTSSRKRSSKAVARTMHSVSASMDASRVVTVVSHAGGSKRTGSDHSSVTDSRTGRRKKRGVATDSYVAAVASSKGHSKDSKVGKT
nuclear.fasta,P46607,MAVDMSSKTKDSSASSAGRASSGSTDGRRVVDDDRTVMSSSGTRSRSDGDHDDDGAAGKGTKRKRKKYHRHTTDRHMAKTHDKRSKGARVKWRRTKARHSKAKRKAMRSSKASSGGGDDHSKKADKRAAGRTYASSDDHRGSDYTGVAKSRASRATKMATSGMWRSVTGRYDYKAASSGRKTASRDAGVMDAHKASMDVGWKTASKAATVDVRGGSRDGAMGMTVVTRVYVRSRSKWAVDVSVSVDSTKASKRKSGDTSGHSKVTWVHDVSASTVRSVTGAGARHWVATHRVMATVTKDSGVTTAGRKSVKMARMTSYRAAASSYHWTKTTKTGDMRVSSRKHDGTGVVASSSWVSADRDARRHWDASGAHVSASKGDRGSVATVKSRKSWVDSSTSYSVV
nuclear.fasta,Q04996,MDHGKGKTTVKKDSTTKSGSHRVGRGHRSRASTSSKRGGGGRVASHKRARSKDAGSSVVASTVGRKKKKTMKGVRDDYTRKKKRYRYSDAYSGWKGSSKRKRATKRRKKRDHDTAGSSDTDGSSDAKGSKDSVDDDGDRGHYRKDDDGWGDKDDSDDSGTKSVSDSWKAAAAVGGGDDSDDSDDYDDDDDGSDDSDGSSDTTSASDMSKGKDMKDVMASDDSDDDYDDATDDDKSSSDTSDTDTSKGDTADTDGRTSGDASDVGDDGAGVSRRRVRDYKKYDYDVTSSSDDDDWDKTARMGKDSSDGDTVKSSADHTSKKRKSKRADKKDTMGGGGSGKSSSSAKTDKTRYSYDKATKSAKMTVKVWKHRRWSSKVSVKKTGKGTSVAGSSKTMTSVAKTT
nuclear.fasta,P46605,MKAHVGGGASSSSHSVSTSTMGRKYKRAARGKKGSGTGAYTMSSSDVRVRSTSSSKTTSTHVAVAAKRRKMSRASKSSTDSRKRVRYRMYSAYASGWKSDKRKRAKSRKRRVRDSSKGKDTDSGSDSTGSDATGDDGADRGHRTDMGDGWADKDDHGSSDSWKVDAAAMADSKDDADSDDSDDDDMHVVGKDSSDDGGSDSDDSDTSDDSDKKVDDRSDSDDDYDAGDSDKDVKKSSSDSDTSDSDDKSKSGHDVSSDAKVGDMKTAAKTTSSADDMTDGVVDSRRRARDYKKYDAYGASSDSSDDWSGKTKSGASAGKGSRVVHHDTTSTKKSHSHGSVDKGDTSGSSTARKGHGVKHHKTYSRSVKSAGTRVKWTRRHSARVASSRKGSDKHSTSVTAS
nuclear.fasta,Q9FUY2,MSTWADKMDVYHDYVKRDKATAAAGKVSSDVADAGGWWSVWDARTKHSVAASYTMKARSHVSMRAHHHHHSSTHTRRDGSHAGSAGVGSVMRGSGSSASKAYRVKMTRSDAAMKRGDVGDSHASKSAAASGAGVHSTSGGMSVTRGSAVDKSVTRTAVGSGGSGSTKGWTGDRSGKMSSHMTHMASSVSRRKMRSMTGKDGGSSVGDVVGSSGGSRGDTDMKKMAGGGATSSHSHKGGGGSTMDGSSSRGVKSGRKRKVSSSGASSGTATAGSSSASTSTHTGDVSMHSGGSSKSMMMGTGTGTTSSADMDRVDGSDDVSSDGDRDAVTRMDVSKGTTVSVRASTTKVTHSSDGKMASAGHDKKAVWYTDTMKKTTHTAMTDRSSRATSSDKTVRVWDADK
nuclear.fasta,Q38796,MDAKGSSVSMDSKVHSDDVVVAKTGVAMAAGASKGKRRDKAVKYAVAKDASKRSRSAGTVAVRVTKTRVRKVRSRKVVMSTHADDGVATHVVSHASSWGGTVADDSDSDKYVSRKTSGVKMWMDASVWSKGGVTTWSAASTSVKVHHKASMSASVGRYRSDSRAKGSRWTKAKAMKKRSSDSSKSAMGDSSDSSGKSVRRSSGKTSADDSTKKHMGSSYKRRKVMVGKAAGKSTVRGTSGRSRMSADDKAKMRAYMSKSKKDSAGDSKVAKAHSAKDSAKTDTVSTVVGSTVGSAVVGAVVGSAVGSAVVVADKKSTKSSSKVGVMMKMSSTKKRKDWHVGMDWRVAAGGSKADVRRRRRTTYSTKWDRMDYDDSSSSTDSDRRAAGAATTSSSSSDAAKD
nuclear.fasta,Q9LW85,MGGGSVSVHSRSSSSSSSSSSSSGSSVAKKRRRTASDGYYDVASAKRRAVGSVRSAADRGKTSKVDTVVAVVSGTSAGGSAGVGAYAARDTKAATSKKDRRAVKKDAKHRKKVKAKSSAKDVTGRSSKKKKDSSSKAGDKATKRKDVGDRSKDSKARASAKKAKSYTTSRDAAKKKRTSDSKSATRTTVAKSYKDSSKDYSAKTSTAAADASRKDRADDVKSKDKVADTKYDSKRMDTTVKRHGTKKTASRDRVSDTMDSRASKSAVHWKAKRYRDAKKSASAKDRRRVKDGVTHKSSVKSKVYKKVTSKKKTVSKVKGMKMRARKSTDAVKSDMKTSSRKVTHASDKVRSGAKASKAKVDAHVMSGKRVKKVKKDGSAKGRMRSDSVKAVSTDKKSDTVT
nuclear.fasta,P93024,MMASSVDKMKTSVGGGTTTTTSSTMKKDSGTRKVSWHAAGVVGSVYYSGHSVAVSTRRSATTVYSMVHVTHADKDSDYAMSVHSRDVVDGMRGSKHTKTTASDTSTHGGSVRRAAKDYSATVVRDHTWTRHYRGKRHTTGWSVGSKRRAGDSVRDKSMVGVRRARTASSVSADSMHGVAAAAHATARTYRAAVAKYRKAGSSVGMRGMMTDSGKRRYMGTVGSDDRWGSKWRVWDGDKTRVSWDTSSTSGKRHSYAGTWGSKRRVDSAGMYASSMASMKMMMRHVSMSMVMGGGGDMKMMMKSMVKTVSASTSGSSMSAAKSTSGSSGRVHGSMASVTTSTVKVKGASSVADDTHYSDGSTDTSVSSSAGSYKSSDSSAVVDSTSHDVWDTGKDSMDYASM
nuclear.fasta,Q9XGM2,MSRDSDTRVVATDHGYMKDRRHDSKASAKVDGGDHKSRTTVKARRHDKVVVSDTVAGVYDHVGVSHGHDDAGVDSADSAVYGKMVGGSGVGTYMKKGSTTVAYGGRDRRMTHAVWMRVGDVSDWVHRVKSKASHRDVWGHHDVSGMGHTGSSVATSDGSKKHVKGYRTKTSVRYTVKDSDDDSHDKVVRKASKKAVRSKVRKVDYSGMTRGKYVGKVADSKASKKGRSADDSRRAVASKMVDDVAHVKDDKAYSVYTRGKAKDSDAKKDDKVGRKDRSTRTGSSSTGTSTKGSSGAASSDDDTTMSGATRGRRGSSTATTRGRAKATRGRGRGKASSAMKTTDSSGRSRSASAAASAAKSASTGDDVDSSSVDKDSSSDDSTKGKGRKRATTKRGRGRGSG
nuclear.fasta,O82486,MTSDDATTVVKDMRVRRRTHDAHDSSSVDVSDSKSSTRVATKVKKHHVKGTHGHDSKSMVDSRDAADGSSGSMAVRAMVARVSTDSSTVRKDARAKAARDGGGAVTAKSMAGSVVSGKRMVADRTRKSGSRVVTSATVSGGGGVSGSGRMWGGDMGRMMARGMMMGMHHMGMGRVSKRSDKDVASKKSKKSRTGDHRTAKAATAAKKSKGGSVKYYRYTKDRSGSHAKVYDWAYVMSVYRHRRASHTDVSGDSDTRHMKSHYGTKYVHYDMADAMMAGDKAKRADYSAGAWDRSRMDGTGVVMADWDHMYGTMADDMRTVSTDGWVTGRAMGRWYKSWGYKRVWVKTRRTGRTGHWHSKHVGKGVRDTDVVAVRTSRKDYDSGDADVVRDHAKSKKARVRY
nuclear.fasta,Q9FLH0,MATSSRSRTSTAATRTTSRVKSTMWKRKDAGDSKRDKAAAYAKSVYDYHMGKSSYKASVDSDTHMRKSAYVSAAAKKRSKKDVGAKSSKTHMRAATKVSAGSTMSAHVMDAKKADAAKMRAAAAARYHRARKKVSRDDTRRASKSTKMVRTRRKSHRDAVSRDHARSAKGDTAKTTRKADKKSAAAKRVYSHSVHYRSSKKGDKAVSRSSKKVAKASKSVAVRKRKSDVAKSKSVVSKRRAWRVDKRDVGKHDVSRAAKKDTKSDKKVATDRKTTMDKRRKDSTSDKRKRVDSATKAKSTSSTMKKDDRAKMAADRKVKAKAWHDVKRRKAYTRRASMYKDRDKRDARHKDVSRRMKMVHSWSKRRADGMKRYKRSSRDRKAKKRSKMAKHVVKRDARKDR
nuclear.fasta,Q9C6I8,MVYKRTVVGKVDSRTRTTVVHKGYKRRYMRKVKYTTHAKSADRHYGDHVYKDHYKAGVTARSKSKDYVKKYGDSYRKKVAAGRMTVKRTSAYRHMARSDTRTVGYVGKSSMKVTRADVDVYATTKSVGHTDYKYRYVDTGDRDRMSTAAHRAAVDSGSGYTAAAHSKSMKVVKTDMMSDRKMKSAMKTAMGASVKMSTTDGVMSVKAARDRVAKMKSKKDHRHVAKRDSRVVAKAKAAAMKRKTKDGGAGVYSASKKYHDWKDMDGHVADDDRARGRAGVADMMDKSDKSRKKKAKHRKKTVARSTVRKDKDKKYTTKRMGRSAMGDSSAMDRARSKSRGRKRDRSDAGDAMDVDDSKKRVRSKSRAMSSRSSRAHVVGGKDSTKSAKSKSHKKRDKARRG
nuclear.fasta,P48785,MSTKGRSTDKAVSVRGSTSSVKKGKVSKRSKKRKASKSRTKKYSRGWVRMKVKKTRKRKSKRKDKVVDDSRRRTRYKMKMDAYATGWKGSRKRDKRARKKGRDARDSSVGSMKVASDGSHHDHASRADDDGTRAHKDTSGDGWKDKDTMAGTHVDSWDASGSATVADWSDDSKDDDYDMRGGGSSVSGDGGGDDSSTSSSSDGVASTGSWGHRSMVTSTVGRRRTVDYTYYMGKDAVGSDDWGDRRKRKRSDAGSTVTMSSKKDDVVTSRDSVSVKGGRRRMRRAVKRVATSKAVRDRAKSDKVKWKTRYMARRKTSVKGDSKTVSGGDSGAVMTTVDTDDTVGDATSVSSTDSYDSSVVHKSSSKTAVTSKMMKHSSMSKTAAKTSKMHSRMSKTAVKTS
nuclear.fasta,P48786,MSDKAVTVGKTAVMSAVDVKVSGAKVRSWVRSDTKVDADKDSDMASSGKVTMSHHDHSGSMVSVMHVATTYKSDDRMGKTMVHKSSSTSSDHSYSGAVTDKVGHRSDDAKSGVVGKVAKSSVTGKRGRGRRKVTGVGKTAAKSSSGDTGKRSRGRRKVSTSMKTVTSSTTDSRTYSDSAAKHAGHSDDTTKSGKVGTVAKSSVDAGKRGRGRRKVTGVVTAAKSSSGDTGKRSRGRRKVDSTSGGVKVVKGKDSSVSSRSRSRSKSDVVADGADRKRKKRKKRMRVDRRTHRYHRKYKDAYSGGWKGSDKKKKRAKAGRKKRDRDARSGRDSRGDSDAKGSKDVTSDDGADRGHDKYDDGWGKDKDSTGDSWKVAAAAAASGKDDSGSDDSDDDYDGGDDK
nuclear.fasta,P43299,MKDHDDGDKGAKGADAGRSKYMVSRKRAVDDDYKDSGRTTRRYVSSAAVDTADDDHDMTRADDGTDDVSDHSKRYYVYKASKGRSTRVKASHGVRSGVTRSDVKMAVAVYTDGHYVTSRVMKSSRRSKAGRASKKAKMAHVKGHRSMTVHRGTRKVSGDVVSGYTGKARAGVADTYATSVTHKKKYYKDARADGDYKSRSAYGHDKKAVGAHRKDGMKRGDVHMGDGVAKSKHVARGVYTTGKGSSGVGTAAVMRDVTMVGGAVADMGADDKMDSDRTAHVMTVSAKAGTTSARTAVAAAAWGRYDRRTAASRDWDRADMDSDAKHVHVHTSAGRAYSAARRSYVAYATAYSSRAKSTHSYTTVRTSRSAAARRSSVASDVDARMMSKSYADDRKAGDASD
nuclear.fasta,P18616,MDTRSAVSKVRVVGSDRMSVHVHSTTKGKKVGGSDTRGTDRKVKTMAMAGHGYAKMYHVGMKTVSMRVSKADVRSRAMKKKRKKDAKKTKDGGDDDDVSHSTDVKKSRGGGAKTGMKMAYKRKKDDARKTGADRVSVKRSDADGKARDWMVVRSVMMDATSRSDDTHAMRHKRKGAAHSTHATYDGRATKSGRKSSRKAKGRRGMGKRVDSARTVTDTDGVWSATYTVTYRKVDYGHGKTGAKYRDDGRDRYKKSSDHGYKVRHDGDVRSHKMSMGHRRMYSTRSVTSYADDGDMMHVSTRAVMMVKVSARVMGVDTGRKTKRDTKDVMTMWWDDGKVAAKRWTGKVKRYSAWHADTTGTGDTVRRGAGTKKTGTSGSVHVWVGDAARKGHTWVYWGTGGD
nuclear.fasta,P38420,MYYYVDDDDTDAWAVSAYKGVRDSDTMVDSADRSHGHSDATYKSGYSKMMTSDGTATKAARRTYSAYVDVTKRVKKGHDGVTTDTKVGKVMRSSYTSKDTGYDGGYGSKVAKMSTHVYVKKRKYAYVGVRSMARSTMVRMARASAKGGSSGYRTYRTVRAGVADKDHYDADTMMRSAVVADYGKRGATVGVTKKRKYARDKMHVGGHTKKAYYGYHRAGRRDDRDHYGKRDAGGGRMRKTRDVRSYVKVDGKVAKAKTTSGKYSATGWGAAAGTRAGVSVRTYASTSHRRSGRGKAKRHSWGMMATGAGVKAMVYTVGSAAYWGTSSVATKVGMWVGVHRDDMVKTRRRRRVDVTVGVVRDRKRYTDYGRSRVDKKKRDYARSADGWHHVAKGYDTTTMSM
nuclear.fasta,Q9FQ20,MYSHVSRKGGAWVAAYKKKKSVKATHSSVDKDATYRVAYGVVRYSKKVDDDKAGVKVAKRRKTGVSASSARDADGVDHGGVKHDTKDGSTRMDMYSMRDMDTHTSTHKHSAHDMDAVRDTTASVRVVADSSRDHASRHRDSDDMSDRADTVRTTVRVDSHSSGDHRDGHTSKTSKKTSMHDRSSGAHGDSGATRGKMSTKVSVTGSRDGVKRDHAMADHGSHKSTSVHGSKGSDMTVSKDSSATDTVTVTKTSRKSGGTSSTAAKSSRVSRKRKDDVKVMKMDSSKAKRRVHTDRRTKRARSYGSSDSKKWATTGTKDTKARHKKSSDTVRSGVSSDTTMTAAAAGKVTAGSVVSVMGASSTTSGTAHTAATVKSVATVRTSTVATVVSVATVRSMSKRKD
nuclear.fasta,Q9FQ19,MYSHTARKGGTVWAAHVHRKKSYTSDTVDMVARTSSHVGVVRYSKKVDYYDWTWVAKAVSTVDARASVTADDDDTDMDHTRSDTTDTGDYVAVTDDSSMDVDSTVSRHTGDVTAHTGDRDSADTGTYSRVTTVDRSTRSRDATSGTVRMRDAAHDSTSHSAADVRVRTSDTKTSDMSGRHSARSGSGSAAGSRADVHSVSRRARKRKDGVTVTKSRKDSDTRKRKKMSSKKWRMSRKDTGSDDRVKDYVASKHAVSDTASVSTRAVVSDSTDSTVSATDVDSAGRAHASVATASRTDDDMGHRDGGVYMSRSSRTDDTTSGWTSYRTSTSTVDGRGSVSRTDYVGGSVGTASDSAATGRARAAYKRSSSSTTSSHSGDSSAGKTRKAARMTVKSRGDMDRY
nuclear.fasta,Q8W234,MVSVGGGVSGGGGASASVSRTGMSMSMGASSSVGGSMSMDTSGASDMSVGSGSSASSMVSRSSGVGSVSAARKKMTSHGSMSTVRGGGAGVGVKMGVSDHGVKMRGSVKAMRAVKMHSSRMGSAMRMKSMRRKVYGMGARTYMYRHRDWRKVAYAAKKRWVSMYGSGRTTGVDVWHRKGRGATAVRKKYSGTYVDMRSSSGVYAKATSVHRVVRDGRVSDKSWARRHRRVSGSAAKYAAATTDSAMVASARAKAVVDGYTKRYVRSVVSMKDDYSRTRTGSAKRRTGSSAGSASDRTVSTSDSSRVAMGSGVYAAASASTSTSSAGHSMKGRHAAYSYGGSVMSSSSGTMVSSSHTSTSSSSGSVHMGSTSAMAGVDGSSSVKMAHSSGGSMVGHGSGDGK
nuclear.fasta,Q05153,MADGHSSSGRGGKGKSGGWKKGGGKAVVDRSDVSVSWTKVTKSGVKTKDGYYKVGRDDVSSSSSYGKTDKSVSGRWGVDHGTTVGSKAVSADVSTGKDVTHVDDTAGAKDSMSHSTVGDRSVDTVAMADVSGVDAVVTSATRGRYVHSRGADKYSSVVRKSHTVVSDRKGTMYHVMTDTVVSSSDMTKKDKRSYKGHVTTVRWSGAKTKGKRSSDGAVKSSKADGVYKGKTHDDYVRHAAGGAMHYDRKTDHHRRYHYTSSKGKMGGAGTADGVAAVGDDDDDAVDHTRRAADSDDDVMGDDDGGSTDDSGGDDSDASGGVGKKSKKKKASSSKGKRKTVAADGSSKRKKKKKKDAKRAMSGMSMRDKKHGAGVGKVGDKWRMSADDKYAKAVDKRYKDSD
nuclear.fasta,O22781,MSTDMDSSSTAGTTAGDTVVTGKVKSWTSSTSDSATDARSRSAKVKGDGVSVYGDSGAVAVKRGKDRVSTVVVSKRRARAGHRKRVMKRTRMTYSRHMASMKHVGGRRRRSDMAAAYMRDRGWYDKHVGVTGVVGDYRMVGHGTAGDTARSATGATSVVSGGYDDDTGDVVYTGHGGDHHKDRVGGGMRSMHYGVRVRGKYSSSKVYVYDGYKVDWWAVGKSGGVKRVRGMMGSAVMRATRKSMVRTGYVSDSKKVVYDVDGDRHYYAKAVGGGGSRTGKSTDDARKGGAYDDGHKGKHVVGTGSKSRVTKGRRVRSKTGWGVRTDAGAYAGVVVTRASMGDVMVYGRTDWRWGDSVYDVRYSDSMDVSRMRVAYSHSKVMVVHDHHMRVMASASDYGADV
nuclear.fasta,Q9C5P4,MGVGTVHYDKSVDKRSKVGGVGGSSSYSSGATHDTDTTSVRSYRTTKTGSSSSGTKRGVGRKGTTSVKKKKKTVADVVVKKSSDDSGSAARDGAYVSSVMRDAVRRRSVTKSATSKAAGTMSGVRTMKKRVGTVGVGDSRMVGHMTMAGDYSKAGSDSATSVSSGRYGADSYSGGGADKRASDKRGASRKGGVRVVRGDAASKTGKYYDGYSSSWVKGKSGTKYKVRGAGWKSVKWKGTTRGDTSGASKVSVDVDDKGAYTYTSSKYSTKTVGSSGSSGHSRKDGDYGVVSRRVYGTHASKRVTGKSRVKTRRGWGRSWDSRAGSYAGVKDGRGDAYVDTSRVSKWYVDDSTVSSAKKGVARMHSSVWVRGGSVHAAMRHMATYDYGSTSARDSHGRTGSR
nuclear.fasta,O82175,MVHSSSSSRGGDGGGSKDAGSYTDMGRRKSKRKVAASSDGSTRRSRRMKTVTYTRVSDVVSSADVGVARDSKSVDDMSVGTGASGVMMKDRMTSMVVHSSDMMGSVRKSTGTKHGRTSVGRDSMGSKSKGKTAKRSSVVKSDSGDHGSVKSVWTDKGVVMSVKSKRGDYGGSMRKSRVADKKRASKRSGGSSSSGDSARYKVKTMRHTKKMARRKRDGGKVVASKKSKGKYSGTGTVGVVGDYRMGHRSSGDYMKDDGGVATSVSSGGYDVDSDVYTGGGVGKKKKDVTGAKSKKVRVRGKTTSSVVAKYVYDGYVYWTGSHGKVKKRRGWKVAKSKKSRDGVDTGKTAVDDKYTAKMYDWRKSGTGSKSKAVKGGKYYDGAVKVYGHKSMRVSHGKKKTS
nuclear.fasta,Q8VZ17,MMGVMMVHTSKVKSSGVKRGVSVGGVKDRMSGKKRRKVAVRDGGSRAMVKAGVVDVKVVSVKSGRDASVSDRMAVVRGGDVVRDSVTAGDSSVAGSGVSSSSGTVRDVVYADSSGMDDTMSDVAVAKRVAGRKKAKKGAHSSKVVSRGGSRKKKSKKYWRDRSDSRGVGTSSGSSSGDSSRKVKTRHGVRKDAKDRRKGKGRDASTKRGKSGVHGVGVVGDYRMGHKSAGDYMKYGKAKVATSVASGGYDDHDSDVTYTGGGVMVKKKGKDKTGAATSKTVRVRGKHKSTHDKSKGGYVYDGYVKYWVGSHGMVKRRGSWVVKKSKSKYRGKDSGKSSAVDDKTYTVKYDWRVKSTTRTAARVAVKGGYDGAVGAKTYGKSSYRVTHGKKTKSRGWGVRKS
nuclear.fasta,Q9C5P1,MDKSKAVAVRDVDDVTKTSTTMVSVTMSATSMVRTWSKWYDGDAGSSTGKRASDTDTAHTAMVTRSDDSSYSDAGAGSTGVKRGRGRKGSKSTTKKKVYDSKVTSRGDSTATTGVDSVMMRDAVRRRHDTTASGTKMGVKTTRRRGAVGHVGDYYWGMVGHKSYGGDTAASAVGHAAMVVTAGYDGTGDTYSGGGTDVYGARDMKGGAASVSKGDVRVVRGVHHKYYDGMYVSKWTVTGKSGKRKVRKAYAWKTVRHDDSRGDSGARVVVDDDKTDDYSHSGMMTHHDRSGRHMHTVRGDYHVRKYGGSDHTRVTGKHVKTRGWGRSWDRAGTAGRKTKVDDDYDTSKYRRWYDSWVSTVSAKKGVGRMHSSVWYRGDVYGAMKHMTTYDYGVSVRSDVYK
nuclear.fasta,Q9C5P0,MVSTTMDDGDAGSTGVHRKSDAVAHATSVHATWDDSYDRDAGSTGVHRRSDAVAHATSHATWDDSYDRDAGSTSDRASHVDAHATSAHVMVSRRDYDASAGSTGGKRGRGRKGSKGSRKKKKAYDSTDASAGSSGGKRRGRKGKRSRKKKKADDSKMVSDDSRTARSGVDSMRDAVRRRYRKDKTASTMGVRTMTRRGGVVGDYYWMVGHRTAGGDSAKSGVDGAATSVVTSGKYDTDTYSGHGGKDVRGRAASVRRRVRVRGYKVYYDGYVSDWVTGKSGKYRKRKGGYAWKVRHDRGGDSGGRVVVDDKTDDDYRSYSGMTDVVDSSVSYHTKGYHDVRKYGGSTRMVTGKHVKTSGWGRSWDRAGTTGVSKTKVDDDYDTSRYHSRWYDAVSDATVSA
nuclear.fasta,Q9XIK4,MRKKVDRRTGVKRHRSMVGDKARDVHHSKSVVKSSVWYKRDSSHKKRAKKKMKRGDKDASDVVDVTHYKDSRGTGDATARTTVGGGVVSASTSTMVMDVHDRRTSHSASGRRSASKAVVMDDSSHKSTKVTKDSASARDKSKDADDVGKTDGKAVVTDADKTRSVAASRGRGKSAAGAVAGAVAAGYSYVTASDKTVVKGDAYKHYDVVRSVKAVRKHRTYHHKSVVDAAAVVKSGYVSSTVSGYVKVSAADYSYGTGRSSKSRAVTGVGSSGKKSSRYASGDSWGDVAAHSDYYVRDTSYHKDSVVDTTYRMMAVSSHYKSDSDAAHHVGVDSKDVVGSRKSAKSRGHSHGDWKRDVVKSGARVRAVHAMKMGYGSAAVTRYGASSGDDVSVRVTAAAKV
nuclear.fasta,Q9M2Q4,MRKKVDRRTGVKRHRSMVGDKSRDVHHMSKAVKSVWYKDKDSSHKKRSKKRRRGDKDASRDVGRVTHYKDSRGTGMDATARTTVGGGVVRSTSTSTMVMDVHDRRTSHSAAGRRSASKAVVMDDSSHRSTVTKDSGSARDKSKDSDDVGKKTDGKAVVTDADKARSVAASRGRGKSAAGAVAGAVAAGYSYTASDKTVKGDAYKHDYDVVKSADKKAVVRKHRTYHHKSVVDAAAVVKSGYVSSTVSGYGTGRSSKDSRAATGGSVVVHSDSKRTGKKTSRYGSGDSWGDVATAHSSDYYVRDTSYHKDSRMMAVSSHYKSDADAAHHVGVDSKDVVGKSSASRDGHSYGDWKRDTGSGARVRAVHAMKMGYGSAAVTRYGASADKVDVHAKVTAAKVSMV
nuclear.fasta,Q9FL92,MTSVYSVRYSVSHSKARKGVDVDSDDSSSSMVRARVSVMGRTVSDKVKVDKKDVVVVYGVRSSTWSADSKGSSVHHSRKSDSVKTVRDVYKYMRGYSKKMKDRVGWGMGGKTTAKAVDMSGDAHDYTKAKGVYKAGASGTVTKSRDRKRVVVDDVRSVVSGGDWGKSTSKDKSVRRVYVGKASASDDMAHVSMKVKYAGHAYGRMGKKRMAKKAVDAKSSYDTDRKDAGVDYVMGGHVGDVVKSVTSRVRMHDVGRRTRTKRRSRWSKYDKKTTRAVGMDTSSDKHVADMRKYSSVHHVKGSSSVRHWYDHVMYSKKWGGTKDMKTRHSVDDDKAVVDGTRSATGHRVVSGTKSTGTGSVKYRAGSGVSSDKTSMKSTSYGKSDSRRSMVKADSGSTGRKY
nuclear.fasta,Q9SZ67,MSKTTSGAATATSDYHRVGSSGGSSSSSDVDRMSTGMSSSSMTVGMAATSSGSGSSSSSKVGKGARDASGRSHGGGRRKDKGAGKTVYKAHGGGRRYGTKGAGSTDAHGGGRRHDTRSAWGRTVKHGGGARKTYGGKSASGRAHGGGKKSHDTGARGRSGMHGGGKRRTKSAGSGSHGGGRRSGTKGAKGSKMKATKRTDGGGMGGVTTGDAYKAVKDKDSKYDTVDKHGVDTSGVARKDKGHDDGTYSKYTDDDDKVGYMTYATVAAMTYSSSAVSSSGTSADSSAKSTSGTHMSVDKVDGYWKYGKKVKGSKSYYKTYGSKRKVRSDGVAVYKDRHHGKDGSTTYSGSSTHMSSTASSSKTKAASATTYMSASDDSGTSGKDDKRRTVVSADASDRTVR
nuclear.fasta,Q9FH83,MTKDVSVVRYSVSHSARRKGVVVDVDDDKSAKKAGVSVMVGDSVWDKAKVRKDAVVSVYGDSRDWSDRGSRHSRKSDSVVRDVYTHYVGRGYSKMVKGRVGWGMGGKTTAKAVDMSSADASDYDKSHKGYGDATMKSSRDRSKRVVVDDVAVASGDWGGSTSRDKVRGYVGKARSASMDMGHSVRVSYAGASVYGRKGKKKSMTAKKRRKVDAKSSYDTSDKDAGVYVGGHVDVVDKVTSRVWHKTDGRGTVRRRRWWSKYYHKAGKTTKRAGSGDTSRDSAKMRKYSVHVTGSHSRHWYKSDRHVMYSKWGGTKMRTRHSHVDDDKAVDGTRAAGRRRVVSGKKSVKHGTGAVSTVKHRVTGSASKRTSSSSDGKKDSSMADVDSGSSSGRKYGGTARVS
nuclear.fasta,Q9FG77,MAGDVAVMGWVRSSGTSSAGKSSKRVRSHGVGDTSSHKDSSSVRGGSRAARAGARTRTTDSDSRSTSSGSATSVSASTTGKGVGASSKAKDDDGASSHVSRSSSSGTTMMSVDYGYRSSSHSAVKGSSSYGTDGKTSDVTTTSTVDHRRGDSMAGGAADGYWRKYGKVKGSYRSYYKTVKKKVRSRGHTYKGAHHKRRSGMVDGTVRDSAATWVSTGGSVGSTRYGSGSATGGYSGDVVVVDASSTSDDDDRGTHGSVSGYDGGGGGGGGGDSSKRRKAAAMSGSTRARRVVVTTSDVDDDGYRWRKYGKVVKGRSYYKTAGTVRKHVRASHDKSVTTYGKHHDVAARSSHGGGGDSGGSGGSAAVSHHYHGHHSRGRDRVTTSSRSHGSGSGGTGVSMGA
